指标名称,国际热轧板卷汇总价格：美国进口（CFR）（周）,国际热轧板卷汇总价格：欧盟钢厂（周）,国际热轧板卷汇总价格：欧盟进口（CFR）（周）,国际热轧板卷汇总价格：日本市场（周）,国际热轧板卷汇总价格：日本出口（FOB）（周）,国际热轧板卷汇总价格：印度出口（FOB）（周）,国际热轧板卷汇总价格：土耳其出口（FOB）（周）,国际热轧板卷汇总价格：东南亚进口（CFR）（周）,国际热轧板卷汇总价格：独联体出口（FOB黑海）（周）,国际热轧板卷汇总价格：中东进口（迪拜CFR）（周）,国际热轧板卷汇总价格：南美出口（FOB）（周）,国际热轧板卷汇总价格：中国市场（周）,国际热轧板卷汇总价格：中国出口（FOB）（周）
2014/1/10,656,585,585,674,580,405,541.4,560,535,570,478,559,530
2014/1/17,656,585,585,674,580,405,540.7,560,535,570,478,559,532.9
2014/1/24,656,591.9,584.3,677.8,582.9,405,539.6,560,535.6,570,478,559,529.3
2014/1/31,656,600.5,586.2,697.4,585.4,405,538.4,560,539,570,478,559,525
2014/2/7,656,602.3,584.5,762.5,588.2,405,537.3,560,536.8,570,478,559,525
2014/2/14,656,603.9,583.9,804,590,405,536.1,560,535,572.9,478,559,525
2014/2/21,656,609,589,802.3,590,405,535,554.3,532.1,587.1,478,559,525
2014/2/28,656,609,589,801,590,405,533.8,550,530,580,478,557.3,525
2014/3/7,656,606.6,591.4,745.2,590,405,532.6,550,530,580,478,553,525
2014/3/14,656,609.2,593.2,719.3,590,405,531.5,550,526.1,580,478,547.3,520.9
2014/3/21,656,611.7,590.7,725.7,590,405,530.3,550,525,579.8,478,535.8,515.9
2014/3/28,656,612,591,722.6,590,405,529.2,550,525,575.5,478,533.5,515
2014/4/4,656,606,579.9,722,581.4,405,528,550,512.1,570.7,478,535.6,515
2014/4/11,655,605.1,577.3,721.5,580,405,526.8,550.4,517.9,570,478,541.8,515.4
2014/4/18,631,607.6,579.7,725.1,580.3,405,525.7,558.9,520,570,478,543,523.8
2014/4/25,628.8,607.3,580.1,666.8,588.3,405,524.5,559.8,520,570,478,537.3,520.7
2014/5/2,647.6,609.7,582.7,655,588,405,523.4,555.5,522,570,478,534.9,515.5
2014/5/9,650,610,583,652.2,580.6,405,522.2,555,529.4,570,478,537.1,515
2014/5/16,650,610.9,583,655.4,580,405,521.1,546.4,530,569.6,478,536.9,510.5
2014/5/23,650,611,583,656,580,405,519.9,545,530,561.1,478,536.8,505.5
2014/5/30,650,610,582.5,656.8,571.4,405,518.7,540.7,534.3,560,478,540.4,505
2014/6/6,650,598.8,577,656.1,569.5,405,517.6,540,535,560,478,539.7,505
2014/6/13,650,590.8,576,656,556.6,405,516.4,540,535,560,478,543,505
2014/6/20,650,577.1,563.1,656,555,405,515.3,535.7,535,560,478,544,505
2014/6/27,650,577.3,563.6,656.9,559,405,514.1,535,535,559.9,478,543.2,505
2014/7/4,650,569.6,566.3,657,552.4,405,512.9,535,535,556.2,478,544,505
2014/7/11,650,564.4,558.4,657,550,405,511.8,535,530.7,619.3,478,546.5,505
2014/7/18,650.3,565.8,556.3,659.6,550,405,510.6,535,530.1,630,478,548.3,509.3
2014/7/25,659.1,568.6,554.7,659.6,550,405,509.5,535,533.8,630,478,546,510
2014/8/1,662,564.4,551.3,649.1,550,405,508.3,535,535,630,478,546.5,510
2014/8/8,662,563.9,562.1,647.8,550,405,507.1,535.4,535,630,478,546.9,510
2014/8/15,662,563.1,563.1,646.2,550,405,506,539.6,535,630,478,546.9,510
2014/8/22,671.4,561.7,561.7,644.3,549.3,405,504.8,539.3,532.1,621.4,478,540.4,508.6
2014/8/29,673.8,554.4,554.4,634.6,545.4,405,503.7,535,539.3,574.3,478,527.5,500.7
2014/9/5,682.4,550.4,550.4,631.4,545,405,502.5,530,540.7,570,478,510.4,499.3
2014/9/12,684,541.7,541.7,623.1,545,405,501.4,525,541.1,570,478,489.7,495
2014/9/19,684,543.3,542.7,615.1,545,405,500.2,524.1,540,569.6,478,487,494.6
2014/9/26,684,546.9,539.1,606.8,545,405,499,515.9,541.4,564,478,477.3,490.4
2014/10/3,678.9,548.1,536,604,544.3,405,497.9,506.4,542.1,558.6,478,478.7,481.4
2014/10/10,678,548.4,535.6,609.9,541.1,405,496.7,505,529.3,552.1,478,492.6,480
2014/10/17,669.4,543.4,530.4,607.6,532.1,405,495.6,505,525,540,478,486.5,479.6
2014/10/24,667,548.1,535.1,610.3,530,405,494.4,505,525,530,478,485.7,475.7
2014/10/31,662.7,540.4,533.4,602.4,529.8,405,493.2,505,524.3,529.6,478,481.2,475
2014/11/7,660.8,534.7,528.7,578,525.5,405,492.1,504,507.1,521.1,478,480.2,475
2014/11/14,656.4,519.3,513.3,567.3,523.2,405,490.9,499.4,501.4,519.1,478,481.7,474.1
2014/11/21,656,516,508,558.3,516.1,405,489.8,495.5,485.7,515.5,478,484.4,470.5
2014/11/28,632,511.4,498.9,544.9,515,405,488.6,490.6,477.9,515,478,485.9,465.6
2014/12/5,627.4,511.7,499.7,539.3,515,405,487.5,485.9,475,514.5,478,491.7,460.9
2014/12/12,613.7,502.9,493.5,528.3,515,405,486.3,485,472.5,501.6,478,497.3,460
2014/12/19,612,494.4,492.3,540.9,511.1,405,485.1,485,450.4,492.1,478,502.4,460
2014/12/26,612,488,482,537.9,510,405,484,485,445,490,478,493.6,460
2015/1/2,612,481.6,475.6,535,510,405,482.8,483,445,486,478,487,460
2015/1/9,611.2,472.3,466.3,532.9,509.6,405,481.7,480.2,445,480.4,478,485.1,458.9
2015/1/16,602.1,467.4,461.5,539.7,505.6,405,480.5,479.7,445.1,475.7,478,464.3,443.1
2015/1/23,586.9,458.4,453.7,541.8,500.9,405,479.3,471.4,448.6,469.7,478,440.1,422
2015/1/30,584,448.3,456.4,541.3,499.8,405,478.2,461,433.4,461.7,478,408.6,403.4
2015/2/6,583.7,456.7,442.8,543.7,495.4,405,477,441.7,429.4,459.9,478,406.3,391.4
2015/2/13,574.9,458,441,544,490.9,405,475.9,427.6,413.4,455.9,478,404.8,380
2015/2/20,564.7,458.3,439.8,542.5,488.5,405,474.7,417.3,403.8,442.7,478,404.7,380
2015/2/27,549.5,458.8,437.7,539.6,484.2,405,473.5,404.1,393.3,421.6,478,404.2,379.8
2015/3/6,521,455.6,433.6,533.7,442,405,472.4,400,388.6,415,478,403.6,374.1
2015/3/13,517.4,440.1,417.9,529.3,424.3,405,471.2,399.9,382.1,415,478,390.6,367.1
2015/3/20,499.8,435,404.7,527.2,420,405,470.1,395.9,380,415,478,389.3,365
2015/3/27,496,449.5,412.9,533.7,396.4,405,468.9,395,377.9,409.8,478,399.4,365.6
2015/4/3,496,442.9,410,533.5,390,405,467.8,395,386.9,401.2,478,396.8,368.8
2015/4/10,494,445.2,413.2,534,390,405,466.6,394.4,381.2,400,478,385,365
2015/4/17,482,436.6,410.4,535.2,390,405,465.4,389.9,378.6,400,478,378.4,360.6
2015/4/24,473.3,445,422.4,536.9,390,405,464.3,385.4,370.7,401,478,379.4,360
2015/5/1,449,452,422.9,536.2,390,405,463.1,385,370,402.7,478,391.2,360
2015/5/8,447,466.6,427.9,533.2,390,405,462,385,365.7,393.5,478,392.9,360
2015/5/15,447,467.9,431.9,533.9,385.7,405,460.8,385,360,390,478,394,360
2015/5/22,447.4,470.7,439.7,534.5,385,405,459.6,385,362.9,390,478,388.3,360
2015/5/29,456.8,457.4,421.7,527,385,405,458.5,385,365,385.7,478,386.9,360
2015/6/5,458,457.1,417.1,516.6,380.7,405,457.3,380.7,367.9,380,478,385.1,355.7
2015/6/12,452.9,456,423.4,510.7,380,405,456.2,380,370,380,478,382,355
2015/6/19,452,445.1,420,516.9,380,405,455,375.7,370,375.7,478,373.6,350.7
2015/6/26,456.7,446.3,400.6,518,376.1,405,453.9,371.1,366.1,370,478,366.3,346.1
2015/7/3,460.6,435.6,390.9,520.6,375,405,452.7,365.7,365,370,478,351.6,340.7
2015/7/10,453.3,430,387.4,521.9,375,405,451.5,360.7,356.4,370,478,326.9,335
2015/7/17,452,423.9,384.4,519.4,353.6,405,450.4,355.7,350,365.7,478,320.4,325.7
2015/7/24,428,417,377.6,515.6,341.4,405,449.2,342.1,344.3,357.9,478,320.4,315
2015/7/31,424,416.1,383.1,518.4,331.4,405,448.1,340,340,355,478,319.9,314.6
2015/8/7,424,405.1,372.1,515.9,330,405,446.9,336.1,340,355,478,323.8,310
2015/8/14,424,406,371.7,513.3,321.4,405,445.7,335,340,348.6,478,318.9,310
2015/8/21,428.7,415.9,375.1,514.6,312.1,405,444.6,331.1,328.2,335.7,478,313.9,305.4
2015/8/28,430,414.4,369.4,520.1,310,405,443.4,325.7,322.1,330,478,303,300
2015/9/4,430,415.5,369.1,520.1,310,405,442.3,325,320,331.1,478,306.9,300
2015/9/11,430,409.8,350.6,525.7,310,405,441.1,321.4,317.1,333.2,478,305.7,296.4
2015/9/18,424.9,406.1,348.3,524.6,310,405,440,315.7,309.3,322.9,478,304.3,290.7
2015/9/25,424,386.5,350.6,523.2,310,405,438.8,311.1,305,320,478,301.2,286.1
2015/10/2,424,380.2,340.7,523.3,310,405,437.6,310,301.7,317.1,478,299.9,285
2015/10/9,424,374.9,331.3,525.3,310,405,436.5,308.6,296.2,297.1,478,299.2,283.6
2015/10/16,400.9,368.3,322.9,524.3,310,405,435.3,300,292.9,287.9,478,302.3,275
2015/10/23,397,362,314.2,526.6,310,405,434.2,300,287.1,285,478,302.6,275
2015/10/30,382.4,356.6,306.1,521,310,405,433,300,279.3,280.7,478,300.3,274.3
2015/11/6,377.7,342.4,294.1,518.7,310,405,431.8,283.6,275,279.3,478,296.1,265.4
2015/11/13,365.1,339.1,293.9,512.1,309,405,430.7,275.4,275,276.4,478,289.6,260.4
2015/11/20,364,335.4,293,512.7,305.3,405,429.5,275,275,279.7,478,288.4,261
2015/11/27,364,326.4,302,512.1,305,405,428.4,275,273,280,478,285.2,264.7
2015/12/4,364,329.2,302.3,511.8,304,405,427.2,275,264.6,280,478,281.9,264
2015/12/11,364,335.4,304.8,511.1,300.3,405,426,275,261.3,279,478,284,260.3
2015/12/18,364,339.4,311,511,298,405,424.9,277,264.7,276.3,478,286.6,260
2015/12/25,364,342.6,310.7,513.4,290.6,405,423.7,285.4,265,279.7,478,294.8,261
2016/1/1,364,345.3,312.6,522.3,290,405,422.6,291.7,265,280,478,306,266.7
2016/1/8,364,343.9,311.9,524.2,290,405,421.4,299.4,264,284.1,478,314,274.4
2016/1/15,366.2,341.7,310.9,528.2,291,405,420.3,300,259.8,301.8,478,306.5,275.5
2016/1/22,376.6,335.6,309.9,526.7,295.7,405,419.1,300,257.1,317.1,478,304.9,277.9
2016/1/29,385.3,328.4,309.1,525.1,299.7,405,417.9,300,255.2,327,478,304.1,279.8
2016/2/5,386.5,322.2,310,526.1,301,405,416.8,300,255.5,321.1,478,304.4,280
2016/2/12,388.9,329.1,314.7,531.3,305.7,405,415.6,300,257.9,322.9,478,306.3,280
2016/2/19,390.8,334.9,319.3,536.5,309.7,405,414.5,302,259.8,324.8,478,309.9,281
2016/2/26,391,333.8,322.4,539.2,310,405,413.3,310.8,261.4,325.7,478,319.4,286.8
2016/3/4,391,336.2,325.2,536.9,310.4,405,412.1,317.9,267.9,328.9,478,330.9,298.9
2016/3/11,394.5,341.7,329.7,536.2,319.9,405,411,326.1,273.1,334.1,478,372.7,359.7
2016/3/18,409.2,352.4,334.3,536.9,324.7,405,409.8,350.2,287.1,350.8,478,361.2,383.1
2016/3/25,419.9,363.2,336,537,325,405,408.7,359.4,326.9,363.7,478,372.1,366.5
2016/4/1,430,369.4,341.2,537,329.3,405,407.5,360,365,370,478,374.9,360.7
2016/4/8,431.6,399.1,378.3,548.8,330,405,406.4,375.7,372.1,380.7,478,391.4,375.7
2016/4/15,441,414.6,404.7,563,348.2,405,405.2,413.6,385,402,478,428.3,407.9
2016/4/22,449.4,419.5,401.4,540.1,376.8,405,404,447.9,405,451.6,478,470,449.3
2016/4/29,480,430.5,416.2,523.3,397.1,405,402.9,484.3,430,490,478,475.7,480
2016/5/6,488.6,469.6,489.1,523.7,402.9,405,401.7,486.4,440.7,516.4,478,462.8,474.3
2016/5/13,535.7,467.6,500.7,538.1,419.4,405,400.6,463.4,472.1,459.3,478,421.2,425.7
2016/5/20,540,468,500.2,534.5,429.1,405,399.4,428.4,475,417.5,478,409.3,385
2016/5/27,606,467.4,506.4,529.7,430,405,398.2,416.4,465,407.5,478,391.2,370.7
2016/6/3,614.6,473.6,487.6,522.1,430,405,397.1,397.9,455,387.5,478,384.9,351.8
2016/6/10,606,488.1,489.9,539,430,405,395.9,395,427.5,367.5,478,384.9,355
2016/6/17,606,487.1,454.6,546.3,430,405,394.8,395,392.5,367.5,478,389.6,355
2016/6/24,606,483,452.6,553.1,421.4,405,393.6,386.4,382.5,372.5,478,383.1,345.4
2016/7/1,602.6,474.1,457.4,566.9,411.4,405,392.4,380.7,370,375,478,383,345.4
2016/7/8,590,466.6,450.6,569,418.6,405,391.3,384.3,360,380,478,391.4,353.2
2016/7/15,587.6,461.5,444.2,569,411.4,405,390.1,393.6,357.5,380,478,399.3,367.1
2016/7/22,579,456.5,441.9,551.9,410,405,389,403.6,362.1,387.1,478,399.1,375
2016/7/29,579,450,450,546.4,401.4,405,387.8,405,372.5,400,478,395.8,375.4
2016/8/5,576.8,450,450,550.5,402,405,386.7,405,369,400,478,405.3,379.6
2016/8/12,566.3,450,450,566.7,409.4,405,385.5,405,365.3,397.5,478,408.2,380
2016/8/19,557,452.8,451.7,568,410,405,385,405,366.5,402.5,478,413.7,383.2
2016/8/26,557,463,458,574.9,410,405,385,417.9,368,407.5,478,425.5,399.3
2016/9/2,557,459.6,454.6,568.5,418.6,405,385.9,432.9,371.5,402.5,478,424.1,415
2016/9/9,557,459,455.1,561.6,420,405,394.1,435,375,400,478,419.8,413.9
2016/9/16,547.6,463.7,462.4,566.1,428.6,405,395,429.1,382.5,400,478,410.1,408.4
2016/9/23,542.5,472.2,461.4,569,430,405,395,413.5,389,398,478,407.1,393.5
2016/9/30,530,475.6,465.3,576.4,430,405,395,404.9,387.8,393.1,478,413,384.9
2016/10/7,525.3,479.7,470,572.3,430,405,395,400,390,400,478,413.5,380
2016/10/14,518.5,487.8,471.3,563.7,430,405,403.6,402.1,392.5,409.3,478,421,382.1
2016/10/21,516.1,485.3,470.1,558.7,430,405,435.9,410.4,397.5,410.9,478,433.7,390.4
2016/10/28,497.9,484,478.1,558,430,405,444.1,417.4,404.3,419.1,478,439.3,397.4
2016/11/4,496,484,479,559.4,430,405,452.1,441.4,420.7,424.3,478,470.1,421.4
2016/11/11,496,485.6,482.9,554.9,430,405,455,465,427.1,440,478,503.6,450
2016/11/18,496,498.6,507.3,541.1,447.1,405,489.3,473.6,447.5,475,478,501.1,477.9
2016/11/25,557.7,516.7,512,525.3,492.9,405,495,475,465,517.5,478,488.1,471.1
2016/12/2,568,541.1,516.7,518.7,517.1,405,516.4,479.3,472.5,522.5,478,506,480.4
2016/12/9,589.2,568.6,534,518,520,405,523.9,486.8,482.6,522.9,478,535.3,501.4
2016/12/16,595,573.3,533.1,504.3,520,405,523.9,505,482.5,555,478,579.4,514.3
2016/12/23,595,556,534.5,496,520,405,522.1,514.3,490,570,478,572.2,526.8
2016/12/30,647.3,556,551,510.4,520,405,530,520,500,570,478,550.4,513.2
2017/1/6,657.7,556,551,513,520,405,530,520,500,570,478,547.2,508.6
2017/1/13,662,569.2,558.2,513,527.9,405,530,520,500,558.6,478,550.6,503.6
2017/1/20,666.3,584.3,561.5,524.1,538.6,405,528.9,520,500,530,478,553.7,500
2017/1/27,667,589,578,528.6,540,405,525,520,495.7,530,478,551.7,499.9
2017/2/3,667,589,578,529,540,405,525,520,490,530,478,552,496.9
2017/2/10,643,589,559.1,540.1,548.6,405,522.9,515.7,475.7,521.4,478,545.1,496.1
2017/2/17,634.7,582.8,550.6,537.7,550,405,515,519.3,470,520,478,543.8,502.1
2017/2/24,634,580.1,546,538.7,550,405,517.1,528.6,476.4,520,478,554.6,512.1
2017/3/3,634,586.9,546,543.3,550,405,525,512.9,481.8,517.5,478,550.4,520
2017/3/10,634,587.3,550.3,538,550,405,525,510,490,525,478,532.6,517.9
2017/3/17,667.4,589.3,553.4,532.7,550,405,525,501.4,495,537.5,478,526.1,507.9
2017/3/24,673,595.1,562,547.4,541.4,405,525,497.9,495,537.9,478,513.9,497.9
2017/3/31,653.3,593.4,556.2,560.3,540,405,526.1,487.9,492.1,522.1,478,482.3,482.5
2017/4/7,650,563,528.9,559.9,536.4,405,530,480,486.4,497.9,478,476.6,467.9
2017/4/14,650,581.3,549.3,557.3,530.7,405,527.1,470,465,495,478,451.4,452.1
2017/4/21,650,577,546.7,563.9,530,405,510,460,450,482.1,478,431.3,433.6
2017/4/28,650,577,550.7,587,530,405,509.3,436.4,447.1,460.7,478,433.7,425.7
2017/5/5,650,575.3,549.7,582.1,514.3,405,505,430,445,455,478,460.4,428.6
2017/5/12,650,569.6,538.4,575.7,510,405,496.4,434.3,442.1,457.1,462.6,436.1,428.6
2017/5/19,645.3,569.1,513.1,573.3,501.4,405,495,426.4,435,462.9,460,446,427.1
2017/5/26,617,573.6,515.7,596.1,491.4,405,495,435,435,467.9,460,470.4,431.4
2017/6/2,617,565,510.1,602.9,490,405,492.1,450.7,435,465,460,467.9,439.3
2017/6/9,617,562.6,499.3,604.9,490,405,472.9,449.3,435,465,460,460.6,435
2017/6/16,616.6,552.5,500.8,607.1,490,405,465.4,450,437.9,462.9,460,480.2,439.3
2017/6/23,607.2,546.7,492.1,603.6,490,405,473.9,450,440,464.3,460,494.1,451.4
2017/6/30,606,544.1,498,599.6,490,405,473.6,460,440,470,460,505.1,461.4
2017/7/7,606,545.3,513,593.9,498.6,405,466.4,470,448.6,491.4,457.9,523.3,475.7
2017/7/14,609.9,542.7,519.3,587.9,500,405,479.3,478.6,457.9,520,455,536.1,482.9
2017/7/21,633,551.3,541,593,508.6,405,505,498.6,462.9,528.6,455,558.1,500.7
2017/7/28,633,555.1,546.6,598,510,405,506.4,514.3,485.7,540,455,555.4,505.7
2017/8/4,633,567.6,551.7,601,522.9,405,516.4,527.9,498.3,548.6,482.9,572.9,512.9
2017/8/11,635.4,583.9,562.7,601,525,405,527.1,538.6,510.1,568.6,520,608.6,532.1
2017/8/18,650,597.7,567,608.7,529.3,405,542.1,551.4,534.3,570,520,605.6,550
2017/8/25,650,602,570.4,612.6,530,405,555,573.6,545,572.1,535,614.7,580
2017/9/1,650,604.9,581.9,613,538.6,405,559.3,580,551.4,575,555,620,580
2017/9/8,651.6,617.1,597.3,633.6,540,405,585,576.4,554.3,579.3,567.9,647.9,582.1
2017/9/15,661,630.3,621.7,643.9,540,405,586.2,583.6,581.4,591.4,578.6,642.3,595.2
2017/9/22,661,630.7,634.1,632.9,540,405,606.7,592.9,599.3,597.9,584.3,624.6,599
2017/9/29,661,625.4,638.9,622.9,591.4,405,597.1,591.4,592.1,592.9,590,595.3,592.1
2017/10/6,654.7,614,624.7,620.3,600,405,595.7,573.6,592.9,590,590,599,575
2017/10/13,650,613.7,616.3,651.6,608.6,405,585,565,565,607.1,590,613.7,574.3
2017/10/20,652.4,613.9,606.1,659.6,610,405,585,567.1,557.1,630,590,630.7,571.4
2017/10/27,667,619,604.4,654,610,405,581.4,570.7,552.1,627.9,585.7,623,580
2017/11/3,667,612.7,608.4,653,610,405,560,570.7,547.1,620.7,576.4,600.1,578.6
2017/11/10,667,597,598.7,649.6,618.6,405,560,559.3,542.1,615,575,606.3,569.3
2017/11/17,669.3,598.4,601,658.4,620,405,547.1,555,534.3,603.6,575,616.4,565
2017/11/24,683,605.1,594.3,667.7,620,405,545,555,530,592.9,557.9,615.7,565
2017/12/1,678.3,613,593.1,681.9,620,405,545,555,527.1,590,567.9,628.9,565.7
2017/12/8,650,613,601.9,678,620,405,545,555,527.9,592.1,570,642.1,571.4
2017/12/15,650,618.1,608.7,671,620,405,553.6,559.3,532.9,597.9,574.3,645.3,580.7
2017/12/22,653.1,631,613,674.3,620,405,557.1,570.7,540.7,604.3,575,650.7,585
2017/12/29,661,631,613,671.6,620,405,570,575,545,610,575,646.6,585
2018/1/5,656.3,635.7,617.7,672.7,620,405,572.1,575,545,610,575,648.9,584.3
2018/1/12,650,642,625.7,679.3,620,405,587.9,575,545,610,575,644.4,580
2018/1/19,668.9,644.9,636.3,689.4,620,405,605,577.1,565,605.7,575,632.9,580
2018/1/26,716,656.9,655.1,695.3,620,405,606.4,582.9,580,605.7,575,639.1,580
2018/2/2,717.7,674.4,668.4,705.4,620,405,615,587.9,582.9,610,575,642.9,581.4
2018/2/9,722,689.7,682,703.6,620,405,615,590,582.1,618.6,575,645.1,590
2018/2/16,724.8,694.6,682,708.5,620,405,625.6,601.4,580,636.4,575,646,590
2018/2/23,752.2,697.8,682.4,721.8,620,405,638.7,610,584.3,640.7,575,649.9,590
2018/3/2,755,696.7,683,719.6,620,405,638.6,618.6,590,635,579.3,660.1,594.3
2018/3/9,755,704.4,687.9,724.1,628.6,405,633.6,633.6,598.6,635,608.6,639.3,618.6
2018/3/16,769,713,700,725,638.6,405,656.4,637.1,610.7,643.6,630,621,611.4
2018/3/23,804,711.3,700.3,725.9,640,405,665,629.3,615,655,634.3,619.3,615.7
2018/3/30,838.9,707,695.6,720.9,640,405,663.6,616.4,615,646.4,635,598.7,590
2018/4/6,931.8,707,680.7,723.4,631.4,405,655,610,615,630.7,635,605.1,590
2018/4/13,953,705.3,676,720.4,622.9,405,655,607.1,612.1,622.9,642.1,614.1,590
2018/4/20,953,697.3,670.9,718.1,620,405,650.7,605,601.4,617.9,645,629.7,590.7
2018/4/27,943.6,684.9,654.6,718,628.6,405,625.7,599.3,595,615,645,647.7,595
2018/5/4,920,672.1,644.9,718,620,405,628.6,595,588.6,615,639.3,656.1,596.4
2018/5/11,924.9,656.9,638.9,718,620,405,619.3,603.6,585,615,620.7,657.9,604.3
2018/5/18,937,649,631,706,628.6,405,615,610,570.7,623.6,620,664.7,600
2018/5/25,937,649,629.3,694.6,630,405,610.7,610,557.1,635,611.4,661,600
2018/6/1,937,647.3,625,701.6,630,405,585,605.7,552.9,635,610,660.6,600
2018/6/8,925.9,641.3,625,703,630,405,585,600,547.1,635,588.6,664.4,600.7
2018/6/15,898,633.6,625,703,630,405,585,605.7,545,637.1,580.7,667.1,605
2018/6/22,904.3,623.6,623.6,703,630,405,587.9,610,550.7,640,580,662.6,605
2018/6/29,920,621.7,625.1,733.9,630,405,606.4,610,560.7,642.1,580,647,604.3
2018/7/6,924.9,626,638,733.9,630,405,615.7,607.1,565,638.6,580,631.9,599.3
2018/7/13,937,631.4,639.1,733,630,405,619.7,605,565,625.7,580,634.4,586.4
2018/7/20,954.6,645,642,733,630,405,616.6,605,566.1,620,618.6,633.6,585
2018/7/27,978,646.1,642.6,730.4,630,405,606.9,605,564.1,620,625,628,583.6
2018/8/3,978,649.9,645.4,729.1,630,405,600,605,562,610.1,625,625.3,575.7
2018/8/10,938.6,654.6,649,728.1,630,405,597.4,605,566.6,599.1,620.7,624,580
2018/8/17,922.9,656.1,642.7,728,630,405,585.3,605,570,611.9,595,622.7,580
2018/8/24,900,644,622.1,731.4,630,405,603.6,605,570,625,595,636,575.7
2018/8/31,900,644,610,736.5,630,405,595,605,561.4,625,595,641.1,575
2018/9/7,894.9,648.9,616.3,739.7,630,405,593.6,605,553.6,612.1,595,632.6,577.9
2018/9/14,882,661,629.9,739.1,630,405,585,605,542.1,601.4,595,629.4,580
2018/9/21,875.7,656.1,616.6,739,630,405,582.9,605,537.1,603.6,599.3,624.3,580
2018/9/28,860,647.1,607.9,739,630,405,570.7,605,535,597.1,600,621.4,577.9
2018/10/5,860,655,620,721.9,630,405,567.1,605,535,600,600,617.4,575
2018/10/12,860,650.1,615.1,719,630,405,560.7,605,532.1,602.1,600,610.9,573.6
2018/10/19,830.9,636.3,606.1,731,630,405,566.4,605,530,607.1,600,606.1,567.9
2018/10/26,829.1,632,610.9,733,600,405,572.1,605,524.3,601.4,600,603.4,562.1
2018/11/2,837,627.1,601.6,732.1,595,405,554.3,605,508.6,587.1,600,589.3,554.3
2018/11/9,843.3,613.3,596.3,732,590.7,405,549.3,605,500,582.9,600,574,547.1
2018/11/16,859,602.7,585.7,720.9,590,405,543.6,549.3,494.3,580,557.1,548.6,542.1
2018/11/23,848.1,590.1,568.3,725.9,581.4,405,535,532.1,487.1,580,550,542.6,517.1
2018/11/30,821,594.9,560.9,727,580,405,532.1,515,479.3,575.7,550,518.7,495.7
2018/12/7,821,585.3,554.4,722.7,554.3,405,514.3,517.9,475,574.3,550,534.3,494.3
2018/12/14,821,581,556.3,722,550,405,510,505,475,580,550,538,490
2018/12/21,821,579.3,548.9,722,550,405,510,510.7,466.4,575.7,550,549.3,495.7
2018/12/28,821,575,541,735.7,507.1,405,510,509.3,460,570,550,539.3,494.3
2019/1/4,803.6,575,541,738,500,405,507.1,505,460,555,550,527.3,490
2019/1/11,760,575,541,738,500,405,490,510.7,454.3,540,550,530.1,495.7
2019/1/18,753.7,575,539,738,500,405,487.9,515,450,535.7,544.3,534.4,492.9
2019/1/25,738,571.9,531.1,738,500,405,475,515,452.9,530,530,544.3,490.7
2019/2/1,738,564,525.7,747.4,500,405,475,515,455,530,530,555.4,495
2019/2/8,738,564,534.7,749,500,405,475,515,455,530,530,554.6,495
2019/2/15,734.9,565.7,541.3,749,500,405,483.6,527.9,483.6,534.3,530,560.2,512.1
2019/2/22,716.4,566.9,545.4,749,508.6,405,539.3,545,516.4,540,530,551.1,525
2019/3/1,710,563.6,556.9,749,500,405,563.6,545,525,540,530,569.3,525
2019/3/8,740,575.3,564,749,525.7,405,554.3,545,525,537.9,530,575.1,532.1
2019/3/15,711.7,571.1,562.6,749,538.6,405,546.4,555.7,516.4,537.1,530,568.4,542.9
2019/3/22,766,554.1,559,749,540,405,525,570,512.9,540,530,574.9,545
2019/3/29,762.9,537.1,554.1,749,540,405,525,570,515,540,530,575.1,542.1
2019/4/5,751.9,531.6,534.3,749,548.6,405,525,570,515,550.7,530,578.3,531.4
2019/4/12,745.4,544.9,518.1,749,550,405,525,570,507.1,565,530,590.5,536.8
2019/4/19,749,535.6,526,749,550,405,520.7,570,496.4,560.7,530,594.3,540
2019/4/26,744.4,536.6,526,749,554.3,405,495,570,490,544.3,530,595.4,540
2019/5/3,733,548,526,749,555,405,495,570,485.4,530,530,599.3,538.6
2019/5/10,725,543.4,526,749,555,405,495,570,482,538.6,532.9,598.4,530.7
2019/5/17,705,530.3,526,749,555,405,496.4,570,475.1,550,540,585.6,530
2019/5/24,692.7,526,524.3,749,555,405,505,570,470,565,540,581.4,527.1
2019/5/31,661.7,526,523.4,749,555,405,507.9,570,470,591.4,540,577.7,523.6
2019/6/7,661,526,536.6,749.2,550,405,525,570,475.7,600,533.6,561.2,518.6
2019/6/14,661,530.6,549.7,754.4,532.1,405,523.6,565.7,480,600,525,551.5,509.3
2019/6/21,654.7,540.9,550.9,755,525.7,405,514.3,560,480,597.9,522.9,545,505
2019/6/28,639,540.6,545.9,760.1,520.7,405,509.3,560,480,558.6,520,561.4,505
2019/7/5,639,545.6,548.1,760.1,508.6,405,504.3,565.7,480,512.1,515.7,569.9,512.9
2019/7/12,639,540.6,533.1,756.7,517.1,405,499.3,570,485.7,512.9,505.7,562.6,520
2019/7/19,639,537,525.7,758.7,520,405,495,570,490,507.9,495.7,560.3,520
2019/7/26,639,535.6,523.6,759.9,520,405,495,570,492.9,505,490,560.3,520
2019/8/2,639,530.6,518.9,760,520,405,495.7,558.6,495,502.9,487.9,555.1,517.1
2019/8/9,639,527,516,770.3,520,405,500,547.1,486.4,500,485,528.3,512.1
2019/8/16,639,527,516,761.7,520,405,498.6,533.6,480,497.9,485,523.6,504.3
2019/8/23,639,527,519.1,751.4,520,405,489.3,519.3,477.1,495,485,527.9,494.3
2019/8/30,632.7,527,525.3,750,502.9,405,486.4,497.9,475,490.7,485,510.4,487.1
2019/9/6,617,525.6,516.7,751.7,500,405,493.6,483.7,463.6,485,478.6,510.9,482.1
2019/9/13,617,517.4,501.4,751.6,499.6,405,484.1,504.2,455,480.7,470,517.2,480
2019/9/20,617,504,490.9,742.2,491.1,405,462.7,484.6,447.9,472.1,470,522.5,478.6
2019/9/27,617,497.9,490.4,743.6,485.7,405,460,485.7,430,460.7,470,511.1,472.1
2019/10/4,617,495,484,742.5,485,405,460,485,426.4,455,470,507.5,465
2019/10/11,612.3,495,484,746.4,485,405,460,485,412.1,455,464.6,504,464.6
2019/10/18,584,488.7,477.7,747,485,405,453.6,482.3,410,455,450.7,496.3,462
2019/10/25,567.3,468.3,452.6,747,485,405,413.6,474.6,397.1,448.6,445,494.9,453.6
2019/11/1,545,463.1,437.7,736.7,485,405,405,470.9,380,437.9,445,497.1,439
2019/11/8,545,466.9,436,736.7,463.6,409.3,405,474.1,374.3,426.4,440.7,500.4,438.1
2019/11/15,545,469,448.6,737,452.1,410,407.4,467.5,370,421.4,433.6,504,444.1
2019/11/22,549.9,469,456.4,737,450,421.1,423.7,475,375.7,436.4,430,518.6,446.1
2019/11/29,562,469.6,463.1,735.3,450,380.1,434.1,485.7,382.9,449.3,436.4,525.3,451.6
2019/12/6,562,471.3,471.6,730.7,458.6,437.3,435,494.3,399.3,455,449.3,532.9,456.1
2019/12/13,562,473,475,736.9,468.6,448,435,495,421.4,459.3,455,545.1,462.3
2019/12/20,562,475.9,482.7,732,470,448,443.4,497.3,430,474.4,464.9,554.3,470.4
2019/12/27,562,483,502,731.9,478.6,448,494,504.6,451.1,494.7,482.3,553.1,481.9
2020/1/3,562,483,502,732.9,480,448,494,509,467,505,488,559.4,487
2020/1/10,562,483,502,733,480,448,495.6,509.9,465.9,507.1,488,560.7,488.6
2020/1/17,604.4,486.9,506.7,730.4,510,505.4,506.1,511.9,475.3,513.4,493.1,562.6,492
2020/1/24,661,492,513,731.2,518.5,515,507.1,523,483,518,500,562,490.8
2020/1/31,661,492,513,733.2,524.7,515,496.8,523,483,518,500,562,488.8
2020/2/7,667.4,493.9,515.6,734.9,529.6,515,502.9,523,483,527.4,500,541,487.1
2020/2/14,695.3,505.2,529.9,735,530,504.7,513,523,480.1,537,504.9,502.9,479.2
2020/2/21,656,504.3,522.6,731.6,530,503,500.1,523,473.4,533,522.9,499.6,463.6
2020/2/28,656,500,514.9,719.6,530,485.9,489.4,523,470,518.9,518.7,505,461.9
2020/3/6,656,501.6,518.4,736,487.1,483,488,523,470,500,513,502.6,462.6
2020/3/13,650,499.8,519.1,774.1,480,483,492.3,523,470,490.6,494.1,504.6,460.9
2020/3/20,644,498.7,510.7,741.4,475.7,470.1,498,475.9,464.4,478,477,502,457.3
2020/3/27,618.6,495.4,490,717.9,475,468,493.7,463.7,449.7,460,471.3,483.4,447.9
2020/4/3,595,494,476.7,705,470.7,468,472.4,451.9,431.4,412.9,467,460,430.4
2020/4/10,588.7,491.4,454.1,710.1,467.9,468,427.9,417,398.6,410,461,457,413.7
2020/4/17,573,482.9,439,722.1,465,395.1,405,408,367.9,403.6,435.9,472.9,411.1
2020/4/24,568.4,477.4,434.1,723,452.1,383,400.7,408,360.7,395,423,469.7,410
2020/5/1,557,471,432,727.3,450,383,395,408,359,390,420.1,465.2,405
2020/5/8,557,471,432,728,450,380.9,395,398.7,359.4,385,418,471.4,400
2020/5/15,538.1,454.3,420.4,728,446.1,380,388.6,395,354.6,378.6,418,482.6,405.1
2020/5/22,522.1,430.9,405,728,445,374,385.1,395,352.9,378.6,416.3,498.9,418.3
2020/5/29,529,428.9,407.6,724.6,449.3,373,408.1,423.3,356.3,385,415,494.9,421.9
2020/6/5,529,429.4,418.6,724.4,450,400.4,405.1,423.7,363.1,393.6,414.1,508.7,428.3
2020/6/12,529,433.7,437.7,713.7,467.1,411.9,403.7,424.9,370,405,413,514.9,432.7
2020/6/19,533.9,438,460.9,724.9,470,421.6,410.9,435.7,391.7,426.4,411.7,519.7,440.9
2020/6/26,546,437.4,434,728.7,470,435.9,427.5,442.3,408,455,422.9,529.2,443.1
2020/7/3,544.3,435.1,442.5,727.6,470,438,423.2,443.4,408,449.9,440,527.3,444
2020/7/10,540,444.6,448.1,724.4,470,433.7,423,437.3,408,443.9,437,538.7,444.6
2020/7/17,536.9,451,456,729.1,470,428.7,422.6,438.1,405.1,444.6,433,554.7,448.3
2020/7/24,529,454.1,458.3,727.4,478.6,449.4,421.4,448.3,405.9,455.1,441.6,558.6,454.9
2020/7/31,524.4,464.9,466,737.3,488.6,465.9,431.4,464.4,410.9,470,453,563.4,465.3
2020/8/7,513,474.3,472.1,736.4,498.6,469.7,440,473,428.4,476.4,462.4,580.7,476.1
2020/8/14,511.3,481.4,475,736.9,508.6,489.7,447.9,485.6,457.1,503.4,479.3,582.3,488.7
2020/8/21,507,487.6,476.1,733.6,522.9,505.9,496.1,499.6,474.6,531,508.6,587,495.4
2020/8/28,516.4,501.4,490.4,736.4,550.7,495.1,504,505.9,478,535,542.1,585.1,498.9
2020/9/4,540,523.7,525,737.9,559.3,501.6,510.7,508,482,535,545,590.9,501.1
2020/9/11,549.4,538.4,546.3,734.6,560,515.9,515.4,522.3,493,539.3,545,585.3,510.4
2020/9/18,573,556,563.4,735.7,568.6,530.9,520.1,536.4,505.3,545,549.3,572.9,519.7
2020/9/25,588.7,568,568.7,745.4,570,533,533,533.9,510,545,555,570.3,512.4
2020/10/2,628,573,573,742,570,533,533,523.1,506,537.7,555,563.7,507.5
2020/10/9,628,573,573,740,570,533,533,518,503,528,555,567,508.3
2020/10/16,628,574.4,569.6,679.5,562.1,517.3,530.4,518,494.4,528,559.3,582.1,509
2020/10/23,640.9,577.1,557.9,663.9,560,513,515,520.9,486.3,525.9,565,582.9,510.1
2020/10/30,673,577.6,553.4,666.6,560,521.6,515,525.9,485,532.4,565,587.4,511
2020/11/6,676.1,582,561.4,667.9,560,523,515,529.1,485,545,565,596.7,513.4
2020/11/13,684,577,560,675.7,560,537.6,515,541.4,505,553.6,565,617.6,527
2020/11/20,688.6,588.7,567.1,671,568.6,540,522.6,560.3,522.9,570.6,572.7,624.7,538.6
2020/11/27,700,627.7,609,674.3,574.3,540,578.3,568,561,583.1,585.1,631.3,553.4
2020/12/4,725.1,657.7,673.3,674.1,596.4,559.7,642.9,589.1,602.9,610.6,588,644.4,574.7
2020/12/11,788,685.4,694.6,672.3,604.3,653,665.4,617.6,631.7,651.7,616.7,671.3,597.3
2020/12/18,805.4,732.4,735.9,672.9,617.9,710.9,704.4,640.1,669.6,689.3,662.7,691.4,622.7
2020/12/25,852,776.7,781.9,679.7,665.4,740,751.6,673.6,703.4,731.4,673.3,737.3,659.1
2021/1/1,870,805,800,700,711.4,747,803,710,715,750,675,705.6,675.1
2021/1/8,971.1,805,801.4,700,688,748.7,803,715.7,737.9,750,695,702.2,667.4
2021/1/15,1047,819.1,812.1,700,749.7,750,811.6,694.3,770.7,758.6,710,704.9,665.3
2021/1/22,1047,860.9,830,700,760,775.7,810.4,677.1,779.3,770,710,693.1,658.9
2021/1/29,1085.1,871.1,830,700,760,784.3,790.7,675,763.6,770,710,687.1,649.4
2021/2/5,1136,868.1,830,700,760,785,780,657.9,740.7,761.4,714.3,682.1,642.6
2021/2/12,1136,866,830,700,760,784.2,770,654.6,730,750,715,691.9,641.1
2021/2/19,1136,867.7,830,700,760,771.2,767.9,669.6,728.6,750,715.7,715.4,655.4
2021/2/26,1136,876.7,830,700,760,750,755,689.3,720,750,720,739.3,677.1
2021/3/5,1138.9,894.4,835.1,700,760,750,775,715,722.9,750,722.9,748.7,699.9
2021/3/12,1156,908.1,853.1,705.7,760,750,810,733.6,732.1,750,731.4,751.3,720.1
2021/3/19,1158.7,926.3,881.7,720,760,750,842.1,755.7,759.3,766.4,743.6,759.4,738
2021/3/26,1175,958.1,934.3,720,760,754.3,847.9,775.7,790,805.7,758.6,777.3,749.3
2021/4/2,1177.9,992.7,968.3,740,820,770,870.7,815.7,824.3,842.1,781.4,809.9,796.4
2021/4/9,1203.4,1028.6,998.6,774.9,866.8,808.6,894.3,848.6,851.8,862.1,810.7,845.3,824.7
2021/4/16,1259.9,1081.7,1064,802,881.4,857.1,932.9,890,885.7,906.4,850,833.9,836.7
2021/4/23,1351.3,1125.9,1090.4,827.1,907.1,907.9,970.7,925,926.4,967.1,910.7,846.9,879.1
2021/4/30,1407.9,1167.6,1140.1,856.4,927.1,941.4,1020,945.7,974.3,990,960,883.1,908.6
2021/5/7,1432.9,1202.9,1162.9,865,965.7,957.9,1026.4,952.9,993.2,990,994.6,906.6,934.6
2021/5/14,1491.8,1241.1,1172,878.2,1004.3,997.9,1043.6,1015.4,1012.9,1008.6,1010.7,1000.6,1011.4
2021/5/21,1587.1,1312.3,1204.6,885,1030,1039.3,1070,1048.6,1047.9,1051.4,1047.9,919.3,998.4
2021/5/28,1608.6,1330,1223.6,885,1012.9,1057.9,1097.9,1007.1,1063.6,1060,1050,842.6,941.6
2021/6/4,1655.7,1360.7,1248.6,921.4,1001.4,1025.7,1140.7,981.4,1068.6,1041.4,1050,858.3,931.6
2021/6/11,1687.9,1379.3,1269.3,963.6,991.4,1010,1165,955,1034.3,1019.3,1044.3,867,923.7
2021/6/18,1698.6,1390.7,1287.9,968.9,993.9,1008.6,1165,955,1007.1,1015,1040,865.4,920.3
2021/6/25,1720,1402.9,1305,970,999.3,992.1,1130.7,952.1,997.9,1005,1040,838.1,908.4
2021/7/2,1738.6,1409.3,1300.7,970,1000,947.9,1103.6,947.1,972.9,978.6,1040,842.9,899.4
2021/7/9,1745,1395.7,1287.1,970,1000,930,1102.1,934.3,940.9,963.6,1040,866.6,889.9
2021/7/16,1749.3,1383.6,1278.6,970,1000,911.4,1073.6,927.1,928.6,955.7,1040,901.4,914.9
2021/7/23,1750,1364.3,1260.7,970,1000,900.7,1057.1,925,920,940.7,1040,907.6,930
2021/7/30,1750,1355,1230,972.9,1005.7,895.7,1042.1,926.4,921.4,941.4,1041.4,913.3,935.7
2021/8/6,1758.6,1355,1196.4,975,1010,895,1035.7,927.1,914.3,948.6,1050,899.1,936.6
2021/8/13,1745.7,1352.1,1162.9,975,1010,901.4,1019.3,924.3,910,945,1050,891.4,931.9
2021/8/20,1730,1346.4,1146.4,975,1010,905,1005,924.3,915.7,946.4,1055.7,883.1,931.3
2021/8/27,1710,1340,1142.9,975,1014.3,895,993.6,919.3,907.9,946.4,1054.3,875.7,929.4
2021/9/3,1695.7,1335.7,1141.4,975,1015,882.1,985.7,910.7,877.1,916.4,1050,880.6,937.6
2021/9/10,1687.1,1333.6,1142.1,996.4,1015,867.1,976.4,896.4,872.9,910,1050,899.3,941
2021/9/17,1675.7,1320.7,1142.1,1000,997.9,860.7,960.7,893.6,860.7,912.1,1050,902.6,938.9
2021/9/24,1644.3,1298.2,1117.1,1000,995,856.8,938.9,890,848.6,892.1,1050,894.9,936
2021/10/1,1625.3,1268,1100.3,996.4,976.7,855.9,913.5,877.9,835,885,1060.4,890.2,934.9
2021/10/8,1624.4,1232.2,1054.4,995,954.4,841.2,901.9,856.1,810,885,1055.6,902.6,937.1
2021/10/15,1615,1207.5,1019.3,992.1,922.9,825,884.3,853.9,806.1,885,1040,901.8,935.9
2021/10/22,1615,1200,1005.7,990,910,847.1,888.6,857.9,821.4,902.9,1017.1,891.6,928.3
2021/10/29,1615,1190,1013.6,990,910,860,900,870,848.6,954.3,1000,857.6,901.3
2021/11/5,1610.7,1181.4,1020.7,990,910,867.1,911.4,878.6,853.6,960,993.6,801.4,862.4
2021/11/12,1595.7,1163.6,1035,1015.7,892.9,862.9,915.7,855.7,838.6,951.4,972.1,764.7,811.7
2021/11/19,1582.1,1140.7,1034.3,1013.6,879.3,873.1,898,837,817.9,917.1,957.9,751,785.9
2021/11/26,1538.6,1116.4,1050.7,1066.6,881.4,836.6,887.1,818,806.4,887,955,750.4,780.6
2021/12/3,1487.9,1102.1,1049.3,1081.1,882.1,806.4,879.6,796.4,817.9,885,955,752.7,775.6
2021/12/10,1452.1,1077.1,1022.1,1076,867.1,788.3,859.9,768.1,805.7,866.4,955,761.4,772.4
2021/12/17,1431.4,1053.6,1007.9,1075,865,772.6,846.4,767,792.1,842.1,955,765.7,774.1
2021/12/24,1380.7,1045,1002.9,1075,865,761.4,840.7,766.1,790,838.3,953.6,774,774.9
2021/12/31,1360,1040.7,985.7,1075,877.9,739.9,835.7,763.4,790,829.4,950,763.6,763.3
2022/1/7,1347.1,1040,970.7,1075,880,725.7,835,760.7,787.1,827.1,950,768.7,760
2022/1/14,1317.9,1040.7,938.6,1075,874.3,718.3,835,749,780,820.7,944.3,774,760
2022/1/21,1314.3,1053.6,924.3,1075,861.4,718,831.6,748,774.3,811.4,940,775.4,760
2022/1/28,1310,1053.6,904.3,1075,860,718,832,748,770,810,940,778,766.3
2022/2/4,1308.7,1044.4,892.7,1075,862.7,721.2,832,753.4,770,812.7,942.7,782,773.1
2022/2/11,1246.7,1080.3,923,1100.7,885.9,747.9,848,785.2,784.3,833,949.5,795.5,797.4
2022/2/18,1075,1104.3,985,1120,924.3,811.4,912.1,824,840,871.4,1001.4,788.4,818.7
2022/2/25,1075,1094.3,996.4,1118.6,923,855,928.6,819.6,868.6,898.6,1010,780.9,806.3
2022/3/4,1078.6,1090.7,994.3,1117.9,930.6,876.4,952.9,839.4,887.1,917.1,1012.9,801,823.3
2022/3/11,1094.3,1171.4,1062.9,1146.4,975.7,916.4,1041.4,883,900,953.6,1030,820.4,872.6
2022/3/18,1174.3,1437.9,1262.1,1150,980,927.9,1114.3,859.3,908.6,961.4,1030,802.4,861.6
2022/3/25,1355,1595,1373.6,1150,988.6,997.1,1230,852.9,937.1,981.4,1038.6,804.4,851.4
2022/4/1,1365,1570,1372.9,1021.4,972.9,1158.6,1271.4,860,939.4,1000.7,1045,817.6,871.9
2022/4/8,1365,1540,1378.6,1000,970,1180,1300,860,939,1082.5,1045,825.7,879.4
2022/4/15,1370.7,1498.6,1356.4,1000,987.1,1059.3,1298.6,912.1,953.9,1120,1045,807.3,863.7
2022/4/22,1378.6,1477.1,1328.6,1000,990,985,1280,920,956.4,1070.7,1045,804.7,852.6
2022/4/29,1475,1414.3,1243.9,1000,990,974.3,1280,882.1,939.3,976.4,1045,764.9,821.4
2022/5/6,1495,1351.1,1166.4,1000,990,970,1280,801.5,912.5,965,1035.4,757.3,812.5
2022/5/13,1395.7,1247.9,1072.1,1000,982.1,946.4,1237.1,777.7,882.9,941.4,1030,715.6,787.7
2022/5/20,1360,1193.6,989.3,1000,962.9,867.1,965.7,751.4,801.4,888.6,1030,712.4,765.3
2022/5/27,1337.1,1140.7,957.1,1000,902.9,850.7,845.7,737.9,744.3,855.7,1030,712,737
2022/6/3,1288.6,1095.4,965.7,998.4,862.9,850,826.8,738,740,850,1018.6,722.1,733.3
2022/6/10,1210.7,1041.1,960.1,948.4,860,844.3,821.1,748,734.3,850,1010,728.7,739
2022/6/17,1152.9,987.9,921.3,935,851.4,804.3,815.7,735,720,850,1007.1,707.3,724.7
2022/6/24,1140,937.1,883.6,935,815.7,724.3,784.3,680.7,702.9,798.6,985.7,652,673.9
2022/7/1,1092.9,908.6,825.7,915.3,801.4,694.3,742.9,646.4,645.7,768.6,980,654.1,662.7
2022/7/8,1007.1,891.4,803.6,909.4,774.3,654.3,704.3,638.6,600,730,980,635.1,642.4
2022/7/15,972.9,881.4,812.1,899.6,770,644.3,698.6,626.1,604.3,717.1,980,592,622.6
2022/7/22,941.4,883.6,799.1,916.9,770,621.4,698.6,602.6,614.3,673.6,980,557.1,588.6
2022/7/29,924.3,877.1,782.7,901.1,734.3,591.4,701.4,575,592.1,652.1,974.3,572,578.9
2022/8/5,855.7,850,740.7,919.4,720,577.9,650,597.1,566.4,635,970,593.1,599.3
2022/8/12,850,828.6,730.7,944.4,668.6,567.1,630,600,557.1,630.7,970,597.4,607.9
2022/8/19,850,786.4,715,920.6,628.6,580.7,621.4,601.9,528.6,621.4,970,590.7,602.1
2022/8/26,847.1,745.7,692.1,900,608.6,582.1,617.1,593.7,525,609.3,944.3,575.6,594.3
2022/9/2,827.1,744.3,685,900,622.9,580,610,592.3,524.3,610,900,571.4,583.6
2022/9/9,810,777.1,701.4,900,638.6,584.3,649.3,582.9,542.1,617.1,900,559.7,575
2022/9/16,810,785,720,900,640,590.7,662.9,579.3,550.7,622.9,900,563.1,575
2022/9/23,810,762.9,727.1,900,617.1,600.1,680,580.4,558.6,632.9,900,554.7,572.9
2022/9/30,804.3,731.4,711.4,900,594.3,586,662.9,587.1,562.9,640,900,551.1,564.4
2022/10/7,800,730,710,900,590,590.5,665,584,570,635,890,554.5,565
2022/10/14,790,703.6,685,900,585.7,594.3,694.3,584.1,580.7,622.1,880,550.3,564.1
2022/10/21,734.3,657.9,639.3,858.6,561.4,575.7,700,567.4,585.7,600,880,533.4,551.4
2022/10/28,730,654.3,624,802.9,550,561.4,697.9,547.1,577.1,574.3,880,523.9,539.9
2022/11/4,727.1,651.4,631.1,800,550,561.4,687.9,516.1,552.9,560.7,880,506.1,518.6
2022/11/11,720,652.3,638.3,785.7,550,562.9,666.4,508.1,538.6,552.9,880,520.1,512.7
2022/11/18,714.3,660.1,638.6,857.1,550,564.3,651.4,525.7,534.3,560.7,880,541,530.1
2022/11/25,704.3,647,628.6,928.6,541.4,540.7,645.7,528.1,524.3,552.1,880,537.6,534.1
2022/12/2,700,643.1,630,947.1,540,540,630.7,533.6,530,556.4,880,545.1,540.1
2022/12/9,700,661.6,637.6,961.4,540,546.4,633.6,546.1,537.9,587.1,880,567.1,567.1
2022/12/16,712.9,696.4,665.4,987.1,557.1,563.6,660,566.4,551.4,614.3,880,589.6,582.1
2022/12/23,751.4,717.1,679.3,970,571.4,594.3,671.4,595.7,585,617.1,874.3,593.7,587.9
2022/12/30,760,730.7,705,945.7,582.9,600,670.7,599.4,600,615,860,591.6,586.4
2023/1/6,765.7,740.7,706.4,928.6,600,600.7,672.9,598.4,600,615.7,861.4,597,597.1
2023/1/13,780,767.1,731.1,902.9,617.1,609.3,700,611.4,611.4,637.1,870,616.4,616.4
2023/1/20,782.9,801.4,776.6,900,628.6,621.4,705,633.3,612.9,654.3,870,627.6,630
2023/2/3,817.9,825.7,796.1,900,630,671.6,728,641.5,666.2,675.2,870,631.4,634.8
2023/2/10,864.3,832,812.9,900,647.1,725.7,762.1,642.1,679.3,674.3,870,617.9,628.6
2023/2/17,874.3,836.7,804.3,900,667.1,718.6,765,630,675,662.1,870,613.6,632.9
2023/2/24,902.9,857.1,800,900,687.1,716.4,818.6,635,675,685,870,623.9,645
2023/3/3,928.6,860.1,796.9,900,690,725,818.6,665,700.7,691.4,878.6,622.6,653.6
2023/3/10,948.6,885.4,818.6,900,707.1,725,822.9,665,754.3,708.6,900,628.6,663.3
2023/3/17,1017.1,899.3,825.1,900,710,725.7,830.7,666.4,780,711.4,900,643.1,671.1
2023/3/24,1071.4,912.9,841.6,900,710,742.9,843.6,665.7,775.7,729.3,900,631.1,662.1
2023/3/31,1080,931.4,864.3,900,710,763.6,836.4,639.3,745.7,725.7,900,626.6,655
2023/4/7,1080,941.4,870,900,710,770.7,825.3,628.6,726.4,691.4,900,619.3,647.9
2023/4/14,1080,938.6,860.7,900,698.6,770,820.4,625.3,716.4,690,900,611.9,640.7
2023/4/21,1080,930,820,900,677.1,745.7,802.7,612.4,706.4,690,900,610.9,637.9
2023/4/28,1080,930,804.3,900,650,700.7,793,573.7,676.4,682.9,900,581.1,600
2023/5/5,1073.6,918.2,778.9,900,645.7,700,784.7,557.3,638.6,665.7,900,571.9,583.6
2023/5/12,1061.4,884.3,748.6,900,620,676.4,744.3,554.1,635,640,900,565,570.7
2023/5/19,1050,853.6,707.1,900,620,632.9,714.4,549.3,622.1,648.6,900,558.9,559.3
2023/5/26,1050,830.7,673.6,900,620,607.1,691.9,541.4,620,627.1,892.9,543.3,546.6
2023/6/2,1045.7,804.3,651.4,900,602.9,600.7,667.9,525.7,615.7,615.7,900,532.7,534
2023/6/9,948.6,775.7,655,900,582.9,595.7,645,531.4,585.7,587.6,900,543.9,554.3
2023/6/16,880,756.4,667.1,900,580,595,663.6,547.9,580,581,900,542.7,555.7
2023/6/23,870,744.1,660,900,580,590.7,661.4,547.1,578.9,586.6,900,544.8,557.3
2023/6/30,870,730.4,660,900,580,602.9,660,543.6,570.4,599.5,900,536.2,547.3
2023/7/7,852.9,735,662.9,900,580,610,660,542.9,570,600,900,536.6,550
2023/7/14,850,748.6,667.9,900,580,595.7,660,539.3,568.3,598.6,900,534.6,546.4
2023/7/21,850,743.6,669.3,900,580,585.7,642.7,543.9,567,595,900,540.6,550
2023/7/28,844.3,725,660,900,580,602.1,634.7,553.9,563,600.7,900,557.7,565
2023/8/4,837.1,720.7,660.7,900,597.1,610,639.3,565.7,564.3,617.9,900,568.3,577.1
2023/8/11,817.1,712.9,658.6,900,591.4,624.3,648.6,555,566.3,614.3,900,552.9,565.7
2023/8/18,802.9,700,650,900,590,625.7,650,544.3,566.3,590,865.7,539.1,559.3
2023/8/25,770,695.7,662.1,900,587.1,620.7,664.3,541.1,565,591.4,860,537.6,555
2023/9/1,757.1,718.4,675.7,922.9,585,620,655.7,540,562.9,595,860,534.6,553.6
2023/9/8,737.1,720.3,667.9,952.6,585,620,650,541.3,564.3,595,860,539.1,557.9
2023/9/15,730,692.9,663.6,951.6,580.7,624.3,650,536.9,570,595,860,533,550.7
2023/9/22,730,680,660,947.6,580,625,650,537,570,595,860,534.4,554.1
2023/9/29,715.7,665,650,941.4,580,620.7,645.7,532.7,570.2,599.2,860,524.3,541.6
2023/10/6,710,655,640,937,580,620,645,530,575.6,602.2,860,526,537.2
2023/10/13,710,648.6,637.1,939,580,620,645,525,580,597.1,860,518.4,529.1
2023/10/20,710,640.4,629.9,935.3,562.9,620,640.7,522,580,590,860,516,526.7
2023/10/27,721.4,638,616.7,927.3,560,620,640,522.4,580,581.4,855.7,513.3,523.3
2023/11/3,763.6,650.4,623.6,854.3,560,620,634.3,529.3,569.3,580,830,527,530
2023/11/10,804.3,677.1,649.3,754.3,560,620,630,533.6,555,582.1,830,534,539.3
2023/11/17,810,692.1,661.4,701.3,564.3,634.7,638.6,543.3,557.9,594.3,822.9,544.1,542.1
2023/11/24,827.1,707.1,678.6,726,565,648,645.7,554.3,565.7,598.6,822.9,556.6,560.7
2023/12/1,877.1,735,691.4,754.3,573.6,648,650,559.7,572.9,607.1,830,561.1,565
2023/12/8,940,737.9,700,763.9,589.3,648,664.3,559.4,588.6,602.1,830,562.9,564.3
2023/12/15,950,740,704.3,775.6,595,654,688.6,567.6,595.7,613.6,830,569.6,570
2023/12/22,950,751.4,720.7,784,603.6,643.6,704.3,566.4,600,620.7,830,566.6,566.4
2023/12/29,950,760,725,788,605,640,705,572.1,600.7,615,830,572.9,570
2024/1/5,950,760.4,726.8,788.2,605,636.1,705,577.1,607.1,617.1,817.1,576.6,572.1
2024/1/12,950,785,730,773.6,613.6,635,705,570,610,622.1,741.4,569.4,569.4
2024/1/19,950,799.3,745.7,765,627.9,630.7,705,564.3,610.7,625,682.9,565.9,566.4
2024/1/26,950,815.7,745,756.7,630,627.1,693.6,562.9,607.1,627.1,654.3,568.7,566.4
2024/2/2,950,820,735,759.7,638.6,625,675,566.4,604.3,627.9,632.9,570.9,567.9
2024/2/9,950,817.5,723.2,755.4,640,625,675,560,600,625,630,559.6,565
2024/2/16,941.1,808.9,722.8,755.3,640,629.4,675,557.8,602.2,620.6,621.1,564.3,565
2024/2/23,911.7,788.3,710.8,748.7,640,634.8,672.9,552.9,604.9,619.4,610.3,555.4,562.1
2024/3/1,850,775,703.6,744.6,622.9,620.7,670,549.7,598.6,620.7,601.4,546.3,555.7
2024/3/8,834.3,772.9,695,748.1,594.3,615,670,544.9,595,604.3,591.4,542.6,547.9
2024/3/15,830,764.3,685.7,760.1,572.9,597.3,670,532.1,572.1,585.7,590,531.1,531.9
2024/3/22,830,754.3,665,747.4,544.3,575.3,667.9,522,555,584.3,590,527.1,525
2024/3/29,832.9,747.9,648.6,739.7,540,561.4,650,522.6,557.9,590,590,527.4,519.3
2024/4/5,840,755,640,739.3,540,560,625,513.8,562.1,590,590,514,505
2024/4/12,840,730.7,632.1,736.4,540,560,610.7,519.5,565,587.1,580,521.4,513.6
2024/4/19,827.1,700.7,625,730.1,540,560,600,526.4,562.1,580.7,575,527,516.4
2024/4/26,825,690,629.3,723.1,540,560,611.4,537.9,560,575,580,534.9,527.9
2024/5/10,825,690,650.7,721.1,540,565.4,620,540.7,560,570.2,585,537,530.7
2024/5/17,825,687.9,660,718.3,540,572.4,623.9,536.8,567.9,560,585,529.4,526.8
2024/5/24,822.1,689.3,668.6,718,557.1,573,612.1,544.3,568.6,565.7,585,542.6,534.6
2024/5/31,805,685.7,670,713.7,560,589,605,547.6,565,580,585,541.1,537.9
2024/6/7,800.7,681.4,670,716.6,560,576.9,592.9,545.7,565,580,585,541.1,535.7
2024/6/14,785.7,685,670,714.1,556.1,598.1,572.1,542.6,553.2,577.9,585,528.9,532.8
2024/6/21,756.4,685,669.3,711,552.1,595.7,570,542,550,575,576.4,523.4,531.6
2024/6/28,704.3,685,665,700.7,550,594.3,574.3,541.1,547.9,568.6,565,512,526.3
2024/7/5,690,687.9,665,694.4,550,600,578.6,541.3,545,560,573.6,511.3,525.9
2024/7/12,690,688.6,660.7,695.9,550,600.6,584.3,540,552.1,560,575,507.4,524.9
2024/7/19,690,685,655,702.4,550,602.6,583.6,531.4,545,560,587.9,504.6,518
2024/7/26,690,686.4,649.3,713.6,545.7,596.4,575,522.9,545,560,581.4,489,509.1
2024/8/2,690,682.1,638.6,725.1,540.7,590.1,575,507.3,545,560,580,477.3,494.1
2024/8/9,690,670,634.3,740.7,540,581.3,573.6,504,539.3,552.9,580,476.7,489.9
2024/8/16,690,665.7,630.7,755.9,540,576.1,570,489,522.1,536.4,592.9,452.1,476.3
2024/8/23,690,664.1,630,759.4,538.6,576,570,476.1,503.6,538.6,595,437.4,464.1
2024/8/30,690,662,630,770.1,535.7,567.7,565.7,484.1,488.6,519.3,586.4,445.9,471.3
2024/9/6,690,658.1,630,767.4,535,559.9,565,480.7,477.1,505,576.4,439,468.6
2024/9/13,690,639.3,627.1,771.1,535,550.9,565,467.7,472.1,505,575,426.7,455.1
2024/9/20,690,628.6,618.6,763.3,535,545.1,565,470.7,470,504.3,575,439.3,458.6
2024/9/27,715.7,620.7,610.7,705,535,540.7,569.3,476.4,470,502.1,575,450.3,464.1
2024/10/11,726.1,613.6,600,672,545.7,558,578,538.6,483.9,521.6,579.3,509,526.3
