日期,热轧板卷4.75mm,铁矿62%Fe现货交易基准价,进口铁矿石价格指数,国产铁矿石价格指数,冷轧板卷0.5mm,热轧板卷4.75mm(raw)
2019/9/3,nan,730,677.3,806.8,4600,3741
2019/9/4,3748,730,678.5,806.8,4604,3748
2019/9/5,3755,740,689.5,806.8,4609,3755
2019/9/6,nan,735,689.4,806.8,4604,3745
2019/9/9,3757,735,682.6,808.2,4606,3757
2019/9/10,3769,735,691.5,808.2,4616,3769
2019/9/11,3765,740,681.9,815.4,4620,3765
2019/9/12,nan,750,682.5,818.4,4624,3764
2019/9/16,nan,758,689.2,818.4,4627,3775
2019/9/17,3768,758,693.3,825.1,4626,3768
2019/9/18,3760,758,685.3,831.1,4625,3760
2019/9/19,3740,742,681.9,831.1,4623,3740
2019/9/20,3715,742,670.8,831.1,4608,3715
2019/9/23,3733,742,664.8,830.5,4609,3733
2019/9/24,3745,740,665,830.5,4616,3745
2019/9/25,3741,730,664.1,836.5,4616,3741
2019/9/26,3730,730,664.8,836.5,4615,3730
2019/9/27,3719,740,664.8,836.5,4614,3719
2019/9/29,3727,,671.1,836.5,4614,3727
2019/9/30,3730,755,673,836.5,4612,3730
2019/10/8,nan,762,673,837.7,4614,3730
2019/10/9,nan,752,676.6,837.7,4616,3720
2019/10/10,nan,752,663,834.7,4615,3713
2019/10/11,nan,739,664.2,834.7,4612,3702
2019/10/12,nan,,660.6,834.7,4612,3702
2019/10/14,nan,739,660.6,834.7,4612,3705
2019/10/15,nan,730,655.6,838.7,4607,3685
2019/10/16,nan,720,654.6,841,4605,3679
2019/10/17,nan,705,647.5,845,4597,3665
2019/10/18,nan,700,644.1,845,4595,3658
2019/10/21,3647,688,641.6,841.8,4591,3647
2019/10/22,3645,688,642.9,838.7,4586,3645
2019/10/23,3648,688,646.4,835.7,4584,3648
2019/10/24,3647,688,639.4,831.7,4582,3647
2019/10/25,nan,690,642.8,831.7,4580,3647
2019/10/28,3650,690,648.7,826.3,4579,3650
2019/10/29,3650,685,636.8,824.3,4576,3650
2019/10/30,3647,680,632.8,818.2,4577,3647
2019/10/31,3653,675,632.8,818.2,4579,3653
2019/11/1,3649,675,629.1,818.2,4578,3649
2019/11/4,3649,670,627.3,817.6,4575,3649
2019/11/5,3651,660,625.3,814.5,4575,3651
2019/11/6,3664,660,619.1,805.5,4575,3664
2019/11/7,3669,655,620.3,805.5,4578,3669
2019/11/8,nan,648,611.4,805.5,4579,3663
2019/11/11,3656,633,604.8,799.4,4576,3656
2019/11/12,3660,628,599,786.4,4575,3660
2019/11/13,3670,628,599,786.4,4579,3670
2019/11/14,3682,633,597.8,777.3,4583,3682
2019/11/15,3708,648,606.5,773.3,4593,3708
2019/11/18,'3723',648,616.5,772.8,4604,3723
2019/11/19,3728,653,614.4,772.8,4616,3728
2019/11/20,3763,653,619.4,769.8,4631,3763
2019/11/21,3768,656,619.1,769.8,4633,3768
2019/11/22,3771,656,619.1,770.2,4634,3771
2019/11/25,3795,664,625.2,770.2,4647,3795
2019/11/26,'text',667,629.6,770.2,4667,3803
2019/11/27,3801,662,626.6,773.8,4674,3801
2019/11/28,'text',665,624.9,773.8,4674,3801
2019/11/29,nan,665,626,773.8,4680,3807
2019/12/2,3805,665,618.2,772.1,4693,3805
2019/12/3,3813,665,623.6,772.1,4701,3813
2019/12/4,3819,668,632.1,772.1,4702,3819
2019/12/5,3823,668,634.5,772.1,4709,3823
2019/12/6,3821,665,631.1,772.1,4711,3821
2019/12/9,3840,675,636.1,772.1,4728,3840
2019/12/10,3855,672,650.6,772.1,4742,3855
2019/12/11,3870,680,649.3,772.1,4750,3870
2019/12/12,3878,680,646.2,778.2,4752,3878
2019/12/13,3880,678,651.5,778.2,4754,3880
2019/12/16,3885,675,648.5,777.1,4760,3885
2019/12/17,3879,670,646.3,777.1,4761,3879
2019/12/18,3880,670,642.1,777.1,4759,3880
2019/12/19,3878,670,642.1,777.1,4758,3878
2019/12/20,3875,666,646.1,777.1,4755,3875
2019/12/23,3879,670,648.8,774.7,4751,3879
2019/12/24,3877,665,641.9,774.7,4752,3877
2019/12/25,3877,660,639.4,776.1,4745,3877
2019/12/26,3867,658,636.3,776.1,4741,3867
2019/12/27,3866,666,634.2,776.1,4741,3866
2019/12/30,3865,669,631.5,774.9,4742,3865
2019/12/31,3865,671,631.5,774.9,4737,3865
2020/1/2,3868,679,639.5,779.5,4736,3868
2020/1/3,3863,685,639.9,779.5,4735,3863
2020/1/6,3858,685,646.4,782.6,4733,3858
2020/1/7,3858,685,647.1,782.6,4729,3858
2020/1/8,3857,695,655.1,782.6,4732,3857
2020/1/9,3855,683,654.5,788.7,4735,3855
2020/1/10,3849,683,644.1,788.7,4733,3849
2020/1/13,3844,683,644.1,788.7,4724,3844
2020/1/14,3840,688,645.7,788.7,4723,3840
2020/1/15,3841,688,650.6,792.6,4719,3841
2020/1/16,3839,688,650,791.9,4719,3839
2020/1/17,3839,693,647.3,791.9,4719,3839
2020/1/19,3839,693,648.9,792.3,4719,3839
2020/1/20,3839,701,650.9,792.3,4719,3839
2020/1/21,3839,701,650.9,788.3,4719,3839
2020/1/22,3839,701,650.9,788.3,4719,3839
2020/1/23,3839,701,650.9,788.3,4719,3839
2020/2/3,3760,650,623.42,782.2,4712,3760
2020/2/4,3730,633,612.18,781.5,4701,3730
2020/2/5,3703,626,601.06,777.6,4695,3703
2020/2/6,3686,600,595.5,759.4,4693,3686
2020/2/7,3674,598,589.35,759.4,4690,3674
2020/2/10,3638,596,589.4,759.4,4673,3638
2020/2/11,3628,610,585.45,759.4,4671,3628
2020/2/12,3626,620,596.53,756.7,4665,3626
2020/2/13,3618,630,604.45,760.8,4662,3618
2020/2/14,3597,630,609.25,760.8,4645,3597
2020/2/17,3579,642,609.29,760.8,4629,3579
2020/2/18,3567,647,619.83,778.8,4616,3567
2020/2/19,3544,649,622.81,778.8,4595,3544
2020/2/20,3542,664,626.99,778.8,4584,3542
2020/2/21,3551,670,638.84,778.8,4579,3551
2020/2/24,3585,680,648.34,781.5,4584,3585
2020/2/25,3572,670,645.72,784,4575,3572
2020/2/26,3564,653,648.47,784,4565,3564
2020/2/27,3545,643,625.81,791.4,4554,3545
2020/2/28,3521,630,618.43,793.3,4545,3521
2020/3/2,3511,661,620.64,793.3,4526,3511
2020/3/3,3523,653,630.57,792.7,4516,3523
2020/3/4,3517,653,628.61,792.7,4504,3517
2020/3/5,3519,668,635.69,792.7,4486,3519
2020/3/6,3515,656,642.07,792.7,4475,3515
2020/3/9,3505,637,620.3,799.6,4455,3505
2020/3/10,3508,659,632.53,799.6,4452,3508
2020/3/11,3518,663,637.03,799.6,4448,3518
2020/3/12,3513,655,630.41,799.6,4444,3513
2020/3/13,3508,655,628.75,799.6,4436,3508
2020/3/16,3545,665,643.55,799.6,4442,3545
2020/3/17,3539,670,636.2,799.6,4439,3539
2020/3/18,3542,679,639.49,799.6,4442,3542
2020/3/19,3515,668,619.09,799.6,4435,3515
2020/3/20,3521,655,638.57,800.3,4434,3521
2020/3/23,3493,635,626.33,799.9,4418,3493
2020/3/24,3488,639,615.51,799.9,4412,3488
2020/3/25,3493,660,638,779.4,4409,3493
2020/3/26,3481,661,638.5,779.4,4392,3481
2020/3/27,3471,658,636.94,779.4,4366,3471
2020/3/30,3456,649,628.63,775.4,4330,3456
2020/3/31,3446,649,631.37,775.4,4301,3446
2020/4/1,3412,635,622.63,775.4,4259,3412
2020/4/2,3370,623,617.17,775.4,4217,3370
2020/4/3,3372,638,626.38,763.3,4200,3372
2020/4/7,3368,638,626.11,762.8,4189,3368
2020/4/8,3367,645,625.43,750.7,4168,3367
2020/4/9,3378,653,628.64,750.7,4165,3378
2020/4/10,3390,657,641.02,750,4150,3390
2020/4/13,3407,657,637.97,748,4155,3407
2020/4/14,3416,660,641.23,748,4155,3416
2020/4/15,3412,663,642.65,748,4153,3412
2020/4/16,3408,661,643.07,748,4147,3408
2020/4/17,3417,665,638.12,746,4141,3417
2020/4/20,3420,665,642.21,758,4129,3420
2020/4/21,3407,650,641.37,758,4120,3407
2020/4/22,3403,650,639.72,758,4117,3403
2020/4/23,3408,655,640.49,758,4112,3408
2020/4/24,3405,652,632.42,758,4106,3405
2020/4/26,3407,657,636.57,756.5,4105,3407
2020/4/27,3410,653,636.29,757.2,4102,3410
2020/4/28,3405,645,627.85,757.2,4097,3405
2020/4/29,3407,645,622.21,763.2,4095,3407
2020/4/30,3413,656,626.56,763.2,4102,3413
2020/5/6,3451,656,627.23,760.8,4111,3451
2020/5/7,3472,660,634.78,763.8,4144,3472
2020/5/8,3495,669,641.4,765.8,4155,3495
2020/5/9,3504,,642.69,765.8,4175,3504
2020/5/11,3507,665,642.96,765.8,4192,3507
2020/5/12,3510,671,642.47,767.8,4209,3510
2020/5/13,3512,677,646.48,779.9,4215,3512
2020/5/14,3525,680,653.15,779.9,4220,3525
2020/5/15,3544,690,655.73,785.9,4231,3544
2020/5/18,3632,712,677,786.9,4293,3632
2020/5/19,3673,721,689.13,790.9,4344,3673
2020/5/20,3673,727,698.29,800.6,4359,3673
2020/5/21,3674,734,698.2,800.6,4360,3674
2020/5/22,3668,736,706.01,801.9,4358,3668
2020/5/25,3646,738,704.83,805.2,4341,3646
2020/5/26,3644,725,706.55,811.9,4330,3644
2020/5/27,3639,725,687.38,816.8,4327,3639
2020/5/28,3645,733,699.39,816.8,4325,3645
2020/5/29,3673,751,700.4,816.8,4332,3673
2020/6/1,3727,774,725.91,818.7,4372,3727
2020/6/2,3737,774,730.59,829.4,4405,3737
2020/6/3,3744,776,725.89,845.8,4423,3744
2020/6/4,3747,771,731.23,845.8,4428,3747
2020/6/5,3739,771,722.53,846.5,4424,3739
2020/6/8,3750,808,748.78,846.2,4435,3750
2020/6/9,3750,792,752.35,848.6,4443,3750
2020/6/10,3752,787,747.44,860.7,4441,3752
2020/6/11,3751,786,740.31,860.7,4439,3751
2020/6/12,3754,789,741.35,864,4432,3754
2020/6/15,3760,791,743.26,868.3,4441,3760
2020/6/16,3758,799,732.38,869,4447,3758
2020/6/17,3760,787,734.58,884.1,4449,3760
2020/6/18,3768,788,729.47,885.9,4451,3768
2020/6/19,3788,791,728.02,885.9,4460,3788
2020/6/22,3797,774,728.19,885.9,4467,3797
2020/6/23,3794,777,720.67,888.1,4463,3794
2020/6/24,3793,792,723.04,885.1,4465,3793
2020/6/28,3795,799,720.98,885.1,4471,3795
2020/6/29,3788,773,732.33,885.2,4471,3788
2020/6/30,3787,777,728,879.2,4472,3787
2020/7/1,3785,777,731.09,873.1,4469,3785
2020/7/2,3780,775,732.56,873.1,4476,3780
2020/7/3,3785,777,733.46,872.5,4476,3785
2020/7/6,3793,780,733.81,872,4499,3793
2020/7/7,3804,791,745.34,870.6,4524,3804
2020/7/8,3829,811,751.11,869.3,4540,3829
2020/7/9,3854,811,755.56,869.3,4571,3854
2020/7/10,3853,811,755.67,870.1,4582,3853
2020/7/13,3880,844,768.22,870.1,4596,3880
2020/7/14,3885,847,795.22,888.2,4610,3885
2020/7/15,3888,845,795.13,888.2,4612,3888
2020/7/16,3892,844,796.6,888.2,4624,3892
2020/7/17,3891,842,793.41,888.2,4622,3891
2020/7/20,3888,837,792.99,896.3,4629,3888
2020/7/21,3895,845,796.56,896.3,4629,3895
2020/7/22,3917,860,803.26,915.2,4641,3917
2020/7/23,3920,860,803.6,917.2,4645,3920
2020/7/24,3918,847,805.45,917.2,4651,3918
2020/7/27,3911,836,797.75,917.6,4650,3911
2020/7/28,3909,838,791.9,915.6,4651,3909
2020/7/29,3908,850,795.16,922.2,4653,3908
2020/7/30,3910,854,803.03,922.2,4656,3910
2020/7/31,3918,860,803.07,920.2,4657,3918
2020/8/3,3955,879,817.48,920.2,4698,3955
2020/8/4,3980,892,822.19,926.3,4722,3980
2020/8/5,3980,893,833.98,928.3,4726,3980
2020/8/6,3991,914,843.99,928.3,4730,3991
2020/8/7,3992,905,861.71,928.3,4734,3992
2020/8/10,3981,904,852.79,928.3,4751,3981
2020/8/11,3986,914,854.4,941.7,4765,3986
2020/8/12,3982,914,857.59,942.4,4765,3982
2020/8/13,3984,917,864.79,942.4,4766,3984
2020/8/14,3983,927,866.18,940,4765,3983
2020/8/17,3998,935,875.78,943,4777,3998
2020/8/18,4006,945,878.54,945,4805,4006
2020/8/19,4007,951,899.61,951,4817,4007
2020/8/20,4003,960,903.35,953.5,4832,4003
2020/8/21,4003,966,896.76,955.4,4842,4003
2020/8/24,4000,964,905.03,956.8,4849,4000
2020/8/25,3999,956,901.75,962.9,4851,3999
2020/8/26,3994,946,891.59,963.8,4848,3994
2020/8/27,3993,950,889.23,963.8,4852,3993
2020/8/28,3990,941,879.65,964.8,4852,3990
2020/8/31,4014,953,889.78,974.5,4880,4014
2020/9/1,4029,954,899.77,975.1,4924,4029
2020/9/2,4035,960,898.26,975.1,4949,4035
2020/9/3,4038,962,901.29,976.3,4968,4038
2020/9/4,4033,959,904.34,976.3,4968,4033
2020/9/7,4028,956,904.98,978.7,4994,4028
2020/9/8,4021,959,905.69,978.7,4998,4021
2020/9/9,4007,949,907.77,987.8,4993,4007
2020/9/10,3992,945,897.81,984.2,4982,3992
2020/9/11,3978,948,892.25,984.2,4977,3978
2020/9/14,3990,954,895.72,983.8,4984,3990
2020/9/15,3985,948,902.46,981.9,4988,3985
2020/9/16,3969,935,896.99,980,4981,3969
2020/9/17,3951,930,877.69,975.3,4968,3951
2020/9/18,3950,935,873.23,975.3,4962,3950
2020/9/21,3936,915,877.11,961.7,4945,3936
2020/9/22,3918,910,860.45,961.7,4935,3918
2020/9/23,3915,889,856.46,964.1,4931,3915
2020/9/24,3905,885,840.83,964.1,4930,3905
2020/9/25,3900,890,839.12,962.9,4916,3900
2020/9/27,3892,,830.8,961.9,4913,3892
2020/9/28,3883,888,838.9,961.9,4911,3883
2020/9/29,3878,889,841.27,960.9,4909,3878
2020/9/30,3877,905,841.56,928.3,4909,3877
2020/10/9,3923,919,903.52,928.3,4948,3923
2020/10/10,3937,922,929.9,948.8,4960,3937
2020/10/12,3947,915,930.8,948.8,4972,3947
2020/10/13,3947,909,928.8,948.8,4992,3947
2020/10/14,3939,897,919.8,951.8,4990,3939
2020/10/15,3920,876,908.7,951.8,4986,3920
2020/10/16,3911,877,893.3,950.6,4980,3911
2020/10/19,3920,867,894.6,949.9,4978,3920
2020/10/20,3919,870,886.4,950.3,4978,3919
2020/10/21,3919,873,884.8,948,4977,3919
2020/10/22,3928,875,888.4,948,4972,3928
2020/10/23,3930,873,886.5,942.7,4981,3930
2020/10/26,3918,854,872.22,942.3,4981,3918
2020/10/27,3918,858,871.1,942.3,4978,3918
2020/10/28,3920,864,869.9,930.9,4980,3920
2020/10/29,3924,865,875.5,932.1,4983,3924
2020/10/30,3935,869,882.7,932.1,4996,3935
2020/11/2,3943,868,882.5,932.1,5009,3943
2020/11/3,3948,862,884.2,925.9,5009,3948
2020/11/4,3956,862,878.8,925.9,5030,3956
2020/11/5,3973,845,873,925.9,5037,3973
2020/11/6,3979,850,865.4,923.1,5049,3979
2020/11/9,4035,870,874.5,923.1,5110,4035
2020/11/10,4048,882,883.4,923.1,5146,4048
2020/11/11,4045,882,893.1,923.9,5157,4045
2020/11/12,4041,882,895.5,923.9,5163,4041
2020/11/13,4040,871,895.8,925.1,5163,4040
2020/11/16,4042,870,888.08,937.7,5162,4042
2020/11/17,4065,879,894.24,943.3,5180,4065
2020/11/18,4078,888,897.2,943.3,5190,4078
2020/11/19,4095,897,907.3,943.3,5212,4095
2020/11/20,4105,899,910.4,944.8,5226,4105
2020/11/23,4108,893,903.1,945.4,5250,4108
2020/11/24,4106,889,901.6,947.3,5256,4106
2020/11/25,4105,889,902,963.1,5262,4105
2020/11/26,4109,893,900.3,963.1,5263,4109
2020/11/27,4138,900,906.3,964.3,5274,4138
2020/11/30,4146,903,912.8,964.7,5288,4146
2020/12/1,4155,900,914.6,964.7,5302,4155
2020/12/2,4200,912,918.5,988.1,5341,4200
2020/12/3,4214,914,932.09,989.9,5375,4214
2020/12/4,4216,940,945.52,989.9,5386,4216
2020/12/7,4300,967,952.5,991.3,5434,4300
2020/12/8,4338,972,979,991.3,5473,4338
2020/12/9,4340,974,985.49,1012.7,5492,4340
2020/12/10,4420,1004,1006.51,1012.7,5600,4420
2020/12/11,4494,1043,1042.6,1029.6,5688,4494
2020/12/14,4480,1016,1057.15,1040.2,5695,4480
2020/12/15,4470,1016,1041.16,1044.2,5689,4470
2020/12/16,4491,1033,1042.5,1057,5711,4491
2020/12/17,4518,1041,1050.6,1057,5736,4518
2020/12/18,4585,1069,1069.7,1071.9,5799,4585
2020/12/21,4939,1152,1142.6,1072.5,6118,4939
2020/12/22,4994,1150,1199.3,1138.3,6293,4994
2020/12/23,4900,1090,1114.23,1144,6265,4900
2020/12/24,4857,1126,1136.7,1132.9,6259,4857
2020/12/25,4771,1127,1137.4,1132.9,6167,4771
2020/12/28,4699,1126,1144.4,1132.9,6125,4699
2020/12/29,4634,1105,1134.3,1132.9,6038,4634
2020/12/30,4581,1079,1098,1125.9,5991,4581
2020/12/31,4598,1079,1096.1,1115.3,5977,4598
2021/1/4,4611,1095,1106.3,1115.3,5956,4611
2021/1/5,4616,1123,1131.7,1115.5,5953,4616
2021/1/6,4610,1127,1142.2,1116.1,5937,4610
2021/1/7,4614,1137,1140.4,1117.7,5922,4614
2021/1/8,4644,1145,1153.9,1135.8,5916,4644
2021/1/11,4601,1144,1153.7,1138.5,5881,4601
2021/1/12,4557,1144,1156.8,1138.5,5856,4557
2021/1/13,4545,1142,1157.34,1166.7,5805,4545
2021/1/14,4528,1144,1156.2,1169.7,5760,4528
2021/1/15,4543,1146,1157.5,1168.5,5729,4543
2021/1/18,4544,1157,1176.9,1169.1,5706,4544
2021/1/19,4523,1147,1172.6,1169.1,5675,4523
2021/1/20,4509,1151,1161.3,1192.7,5663,4509
2021/1/21,4504,1145,1165.7,1192.7,5641,4504
2021/1/22,4503,1144,1164.5,1202.9,5634,4503
2021/1/25,4490,1143,1162.3,1202.8,5627,4490
2021/1/26,4502,1147,1159.7,1234.9,5630,4502
2021/1/27,4519,1140,1152.6,1237.5,5634,4519
2021/1/28,4518,1117,1146.63,1237.5,5633,4518
2021/1/29,4512,1099,1119,1237.2,5631,4512
2021/2/1,4501,1095,1115.6,1232.9,5631,4501
2021/2/2,4492,1079,1106.9,1227.2,5631,4492
2021/2/3,4487,1061,1078.5,1226.9,5630,4487
2021/2/4,4492,1094,1080.5,1226.9,5630,4492
2021/2/5,4501,1110,1096.5,1226.92,5630,4501
2021/2/7,4504,,1112.8,1220,5630,4504
2021/2/8,4510,1108,1112.8,1220,5630,4510
2021/2/9,4516,1140,1124.2,1220,5630,4516
2021/2/10,4516,1119,1142.5,1220,5630,4516
2021/2/18,4661,1169,1177.5,1222.25,5688,4661
2021/2/19,4700,1168,1184.8,1232.74,5749,4700
2021/2/20,4715,,1178.6,1258.4,5756,4715
2021/2/22,4860,1204,1206.4,1258.4,5858,4860
2021/2/23,4858,1188,1202.3,1258.4,5878,4858
2021/2/24,4847,1177,1185.6,1271.4,5888,4847
2021/2/25,4870,1187,1189.6,1271.4,5900,4870
2021/2/26,4867,1188,1197.1,1293.8,5917,4867
2021/3/1,4859,1174,1199.6,1295,5915,4859
2021/3/2,4856,1177,1187.9,1294.99,5919,4856
2021/3/3,4974,1188,1193.9,1316.7,5983,4974
2021/3/4,4964,1196,1203.4,1316.74,5982,4964
2021/3/5,4890,1170,1200.3,1317.5,5941,4890
2021/3/8,4975,1175,1205.4,1320.51,5967,4975
2021/3/9,4940,1130,1195.6,1320.51,5962,4940
2021/3/10,4895,1124,1132.2,1342.1,5930,4895
2021/3/11,4892,1149,1131,1342.1,5905,4892
2021/3/12,4968,1138,1163.5,1337.2,5946,4968
2021/3/15,4975,1119,1145,1335.35,5944,4975
2021/3/16,4973,1146,1147.2,1314.17,5930,4973
2021/3/17,4967,1134,1157.9,1313.9,5916,4967
2021/3/18,4977,1143,1152.7,1316.3,5914,4977
2021/3/19,4993,1132,1161.4,1316.3,5910,4993
2021/3/22,5093,1110,1122.4,1313.25,5975,5093
2021/3/23,5085,1111,1115.6,1233.3,5979,5085
2021/3/24,5088,1114,1119.7,1225.3,5973,5088
2021/3/25,5117,1117,1122.2,1225.3,5989,5117
2021/3/26,5123,1119,1123.7,1211.2,5991,5123
2021/3/29,5279,1138,1134.7,1210.2,6050,5279
2021/3/30,5313,1128,1143.9,1182.9,6068,5313
2021/3/31,5341,1120,1140.1,1177.3,6077,5341
2021/4/1,5381,1132,1133.2,1177.3,6097,5381
2021/4/2,5506,1134,1144,1177.7,6174,5506
2021/4/6,5615,1141,1149.1,1179.7,6270,5615
2021/4/7,5644,1143,1153.8,1171.9,6320,5644
2021/4/8,5609,1138,1154.4,1171.9,6306,5609
2021/4/9,5593,1149,1153.1,1174.9,6298,5593
2021/4/12,5515,1154,1157.6,1185.1,6263,5515
2021/4/13,5535,1161,1167.8,1197.2,6260,5535
2021/4/14,5571,1165,1175,1207.3,6286,5571
2021/4/15,5570,1190,1197.7,1213.3,6291,5570
2021/4/16,5565,1198,1206.4,1230.4,6280,5565
2021/4/19,5560,1222,1222.4,1231.2,6276,5560
2021/4/20,5555,1237,1227.9,1274,6261,5555
2021/4/21,5558,1247,1253.4,1276.2,6262,5558
2021/4/22,5615,1246,1256.9,1303.4,6298,5615
2021/4/23,5626,1249,1255.9,1337.4,6305,5626
2021/4/25,5701,1269,1264.7,1339.7,6374,5701
2021/4/26,5743,1302,1308,1339.7,6426,5743
2021/4/27,5758,1313,1315.5,1362,6456,5758
2021/4/28,5728,1306,1321.7,1363.5,6455,5728
2021/4/29,5753,1310,1319.9,1375.8,6470,5753
2021/4/30,5748,1305,1320.1,1382.4,6480,5748
2021/5/6,5952,1362,1343.9,1406.1,6657,5952
2021/5/7,6023,1426,1405.1,1440.2,6748,6023
2021/5/8,6169,1489,1466.1,1448.4,6867,6169
2021/5/10,6577,1666,1633.7,1460.5,7309,6577
2021/5/11,6643,1675,1666.41,1524.2,7391,6643
2021/5/12,6737,1663,1666.9,1573.7,7503,6737
2021/5/13,6705,1613,1657.8,1587.6,7558,6705
2021/5/14,6469,1547,1579.1,1644.4,7389,6469
2021/5/17,6258,1535,1501.4,1651.1,7252,6258
2021/5/18,6230,1567,1558.3,1601.4,7217,6230
2021/5/19,6061,1554,1552.7,1611.2,7056,6061
2021/5/20,5751,1462,1461,1611.2,6797,5751
2021/5/21,5757,1439,1452.5,1565.4,6789,5757
2021/5/24,5495,1370,1373.7,1562.4,6603,5495
2021/5/25,5465,1358,1358.3,1491.3,6581,5465
2021/5/26,5346,1285,1364.7,1452.6,6521,5346
2021/5/27,5328,1306,1303.4,1431.7,6443,5328
2021/5/28,5473,1321,1335.9,1410.6,6504,5473
2021/5/31,5635,1404,1375.8,1396.5,6610,5635
2021/6/1,5569,1424,1413.7,1416.7,6585,5569
2021/6/2,5583,1440,1438.5,1428.3,6591,5583
2021/6/3,5606,1452,1454.3,1430.1,6596,5606
2021/6/4,5595,1437,1458.1,1449.7,6593,5595
2021/6/7,5539,1426,1430.9,1488,6561,5539
2021/6/8,5499,1431,1417.6,1500.1,6524,5499
2021/6/9,5527,1454,1453.6,1496.4,6515,5527
2021/6/10,5561,1462,1465.4,1496.4,6533,5561
2021/6/11,5604,1505,1494,1503.9,6552,5604
2021/6/15,5570,1507,1522.1,1511.3,6549,5570
2021/6/16,5522,1503,1520.8,1542.5,6526,5522
2021/6/17,5510,1510,1508.6,1547.8,6508,5510
2021/6/18,5522,1527,1533,1544.5,6505,5522
2021/6/21,5454,1485,1507.8,1546.3,6477,5454
2021/6/22,5364,1472,1479.7,1526.7,6425,5364
2021/6/23,5339,1492,1494.7,1525.5,6402,5339
2021/6/24,5353,1495,1505.2,1529,6405,5353
2021/6/25,5383,1507,1501.4,1523,6393,5383
2021/6/28,5380,1513,1511.2,1522,6386,5380
2021/6/29,5397,1509,1521.4,1522,6394,5397
2021/6/30,5401,1511,1499.1,1534.1,6405,5401
2021/7/1,5416,1522,1505.07,1547.5,6415,5416
2021/7/2,5400,1521,1516.1,1556.3,6410,5400
2021/7/5,5425,1541,1529.7,1557.2,6410,5425
2021/7/6,5496,1541,1540.4,1584.4,6450,5496
2021/7/7,5564,1536,1540.7,1586.4,6488,5564
2021/7/8,5623,1509,1532.88,1586.4,6534,5623
2021/7/9,5613,1495,1514.5,1590,6540,5613
2021/7/12,5744,1498,1510.8,1590.7,6695,5744
2021/7/13,5722,1510,1517.6,1597.9,6708,5722
2021/7/14,5756,1500,1512.6,1597.9,6738,5756
2021/7/15,5783,1498,1501.6,1597.9,6764,5783
2021/7/16,5786,1507,1506,1607.6,6771,5786
2021/7/19,5829,1501,1506.6,1607.4,6819,5829
2021/7/20,5790,1487,1501.9,1613.4,6805,5790
2021/7/21,5806,1457,1473.8,1614.9,6806,5806
2021/7/22,5773,1426,1451.5,1614.9,6803,5773
2021/7/23,5803,1396,1420.7,1608.9,6805,5803
2021/7/26,5849,1401,1415.1,1603.9,6815,5849
2021/7/27,5862,1378,1407.4,1598.7,6842,5862
2021/7/28,5843,1382,1383.8,1598.7,6835,5843
2021/7/29,5876,1333,1387.9,1596.7,6842,5876
2021/7/30,5933,1283,1322.4,1596.7,6885,5933
2021/8/2,5808,1280,1274.7,1567.3,6847,5808
2021/8/3,5735,1273,1281.9,1510.7,6804,5735
2021/8/4,5783,1269,1285.96,1487.5,6799,5783
2021/8/5,5794,1228,1253,1487.5,6814,5794
2021/8/6,5780,1225,1238.9,1487.5,6807,5780
2021/8/9,5744,1199,1219.3,1472.2,6799,5744
2021/8/10,5772,1180,1194.8,1386.6,6809,5772
2021/8/11,5825,1176,1192.9,1361.7,6825,5825
2021/8/12,5801,1161,1176.9,1350.6,6819,5801
2021/8/13,5761,1137,1155.66,1326.4,6810,5761
2021/8/16,5765,1134,1148.55,1283.6,6817,5765
2021/8/17,5767,1123,1148.8,1283.6,6820,5767
2021/8/18,5732,1195,1138,1277.4,6804,5732
2021/8/19,5667,1030,1078.1,1277.4,6768,5667
2021/8/20,5674,1018,1035.6,1254.2,6757,5674
2021/8/23,5714,1013,1035.2,1238.8,6774,5714
2021/8/24,5737,1028,1034,1199.8,6787,5737
2021/8/25,5740,1033,1047,1196.5,6787,5740
2021/8/26,5708,1049,1050,1217.6,6772,5708
2021/8/27,5687,1058,1061.5,1236.3,6759,5687
2021/8/30,5743,1091,1090.7,1240.8,6774,5743
2021/8/31,5743,1096,1108.1,1277.7,6773,5743
2021/9/1,5719,1023,1081.9,1284.3,6756,5719
2021/9/2,5724,1034,1070.5,1257.1,6754,5724
2021/9/3,5783,1033,1073.6,1255.1,6776,5783
2021/9/6,5797,1004,1056.2,1254.6,6778,5797
2021/9/7,5818,1006,1045,1256.7,6785,5818
2021/9/8,5798,999,1042.5,1266.1,6785,5798
2021/9/9,5822,978,1025.7,1266.1,6787,5822
2021/9/10,5857,970,1017.6,1260.4,6806,5857
2021/9/13,5850,929,993.36,1246.4,6807,5850
2021/9/14,5814,921,974.6,1246.4,6789,5814
2021/9/15,5785,893,941.6,1243.2,6774,5785
2021/9/16,5815,841,906.1,1243.2,6780,5815
2021/9/17,5799,761,840.9,1224.9,6771,5799
2021/9/18,5799,716,785.2,1175.7,6761,5799
2021/9/22,5809,735,739.7,1093,6766,5809
2021/9/23,5807,751,760.2,1002.4,6769,5807
2021/9/24,5777,784,781.9,998.6,6755,5777
2021/9/26,5788,818,834.19,967.3,6747,5788
2021/9/27,5796,840,848.7,970,6749,5796
2021/9/28,5800,829,842.8,970,6749,5800
2021/9/29,5822,832,850.7,971.1,6752,5822
2021/9/30,5831,862,875.1,977.2,6755,5831
2021/10/8,5917,880,891.1,982.9,6817,5917
2021/10/9,5933,898,899,1067.4,6833,5933
2021/10/11,5923,912,915.9,1067.4,6836,5923
2021/10/12,5880,903,938.5,1088.2,6831,5880
2021/10/13,5844,887,903.6,1093.2,6825,5844
2021/10/14,5849,881,906.3,1084.7,6822,5849
2021/10/15,5861,884,901.3,1078.7,6821,5861
2021/10/18,5837,869,895.3,1074.8,6805,5837
2021/10/19,5845,868,890.1,1054.7,6805,5845
2021/10/20,5814,872,897.9,1061.3,6793,5814
2021/10/21,5776,845,904.9,1054.2,6785,5776
2021/10/22,5691,842,845.3,1054.2,6748,5691
2021/10/25,5674,854,868.58,1022.4,6735,5674
2021/10/26,5644,862,867.3,1022.4,6698,5644
2021/10/27,5555,840,864.7,1033.2,6648,5555
2021/10/28,5448,834,831.9,1033.2,6546,5448
2021/10/29,5463,791,825.9,1019.9,6548,5463
2021/11/1,5406,761,791.6,1005.4,6518,5406
2021/11/2,5250,706,744.4,999.4,6437,5250
2021/11/3,5247,708,717.3,989.7,6404,5247
2021/11/4,5216,718,721.4,981.7,6364,5216
2021/11/5,5140,686,704.26,968.9,6309,5140
2021/11/8,5120,674,695.47,966.05,6281,5120
2021/11/9,5078,670,683.87,958.17,6251,5078
2021/11/10,4880,605,636.1,948.14,6115,4880
2021/11/11,4990,629,650.85,945.12,6096,4990
2021/11/12,4956,610,640.35,926.37,6096,4956
2021/11/15,4827,604,626.4,888.31,5995,4827
2021/11/16,4814,605,625.18,882.6,5956,4814
2021/11/17,4795,597,620.06,851.57,5894,4795
2021/11/18,4756,577,596.08,850.23,5846,4756
2021/11/19,4729,573,600.49,850.23,5778,4729
2021/11/22,4759,602,627.9,827.02,5770,4759
2021/11/23,4760,659,668.97,833.13,5750,4760
2021/11/24,4798,665,693.08,821.03,5765,4798
2021/11/25,4825,670,696.3,823.02,5772,4825
2021/11/26,4797,642,658.68,823.02,5745,4797
2021/11/29,4774,672,686.23,825.34,5731,4774
2021/11/30,4774,665,688.36,822.92,5721,4774
2021/12/1,4795,686,695.02,822.92,5721,4795
2021/12/2,4798,682,703.8,822.92,5721,4798
2021/12/3,4809,659,688.97,831.32,5725,4809
2021/12/6,4837,675,687.26,831.42,5738,4837
2021/12/7,4854,718,713.44,835.05,5742,4854
2021/12/8,4843,721,740.89,848.47,5746,4843
2021/12/9,4811,706,729.54,848.47,5734,4811
2021/12/10,4794,701,723.66,847.43,5723,4794
2021/12/13,4807,728,748.71,848.73,5715,4807
2021/12/14,4823,726,752.67,874.91,5726,4823
2021/12/15,4828,727,739.41,881.2,5734,4828
2021/12/16,4848,743,742.42,885.18,5735,4848
2021/12/17,4859,753,775.88,885.18,5744,4859
2021/12/20,4881,787,776.03,893,5757,4881
2021/12/21,4860,809,825.26,912.26,5741,4860
2021/12/22,4851,814,831.21,927.59,5729,4851
2021/12/23,4843,805,821.69,923.37,5728,4843
2021/12/24,4860,826,835.74,944.54,5724,4860
2021/12/27,4803,810,844.38,971.12,5702,4803
2021/12/28,4788,794,826.33,973.11,5685,4788
2021/12/29,4790,783,811.99,975.1,5678,4790
2021/12/30,4788,795,805.16,975.1,5674,4788
2021/12/31,4778,807,817.1,985.82,5674,4778
2022/1/4,4781,811,825.56,986.41,5670,4781
2022/1/5,4805,816,835.54,989.96,5675,4805
2022/1/6,4817,826,849.92,1002.06,5677,4817
2022/1/7,4818,831,854.9,1004.49,5681,4818
2022/1/10,4816,822,851.91,1010.13,5685,4816
2022/1/11,4821,833,848.36,1043.6,5684,4821
2022/1/12,4844,848,856.35,1039.54,5689,4844
2022/1/13,4865,852,868.64,1045.94,5703,4865
2022/1/14,4864,835,860.91,1048.27,5705,4864
2022/1/17,4845,817,841.02,1055.11,5691,4845
2022/1/18,4845,813,835.64,1056.99,5685,4845
2022/1/19,4885,843,855.9,1045.89,5699,4885
2022/1/20,4884,854,862.71,1051.94,5704,4884
2022/1/21,4894,870,886,1064.03,5709,4894
2022/1/24,4913,864,893.7,1058.53,5720,4913
2022/1/25,4910,885,881.61,1053.82,5718,4910
2022/1/26,4914,895,906.44,1062.29,5721,4914
2022/1/27,4914,903,918.3,1057.59,5720,4914
2022/1/28,4914,924,928.83,1045.57,5720,4914
2022/1/29,4914,920,969.66,1047.65,5720,4914
2022/1/30,4914,920,959.66,1047.65,5720,4914
2022/2/7,5011,956,959.66,1049.02,5770,5011
2022/2/8,5075,976,988.14,1051.71,5818,5075
2022/2/9,5078,935,949.34,1057.75,5849,5078
2022/2/10,5079,968,958.06,1070.98,5848,5079
2022/2/11,5125,963,1000.2,1074.61,5876,5125
2022/2/14,5073,940,945.05,1076.01,5867,5073
2022/2/15,5019,852,919.49,1071.95,5844,5019
2022/2/16,5028,871,868.33,1056.22,5836,5028
2022/2/17,5010,843,879.67,1052.24,5831,5010
2022/2/18,5007,843,842.73,1049.01,5830,5007
2022/2/21,5031,856,862.02,1044.67,5849,5031
2022/2/22,5035,859,894.29,1041.04,5856,5035
2022/2/23,5025,874,878.66,1037.41,5856,5025
2022/2/24,5002,870,893.88,1035.23,5841,5002
2022/2/25,4969,864,882.54,1037.04,5816,4969
2022/2/28,5010,880,887.21,1027.02,5823,5010
2022/3/1,5079,921,936.66,1026.22,5845,5079
2022/3/2,5120,937,940.58,1031.66,5864,5120
2022/3/3,5177,982,952.28,1034.82,5886,5177
2022/3/4,5178,977,1003.49,1059.25,5907,5178
2022/3/7,5289,1016,1003.69,1069.94,5986,5289
2022/3/8,5268,1011,1035.37,1088.92,5976,5268
2022/3/9,5221,991,1039.25,1089.6,5964,5221
2022/3/10,5160,988,986.03,1115,5936,5160
2022/3/11,5171,985,1021.99,1127.1,5935,5171
2022/3/14,5118,949,997.87,1125.15,5909,5118
2022/3/15,5091,911,956.4,1111.85,5891,5091
2022/3/16,5122,947,922.54,1098.12,5892,5122
2022/3/17,5147,950,968.81,1100.48,5897,5147
2022/3/18,5167,963,970.8,1103.51,5897,5167
2022/3/21,5190,963,983.09,1115.42,5910,5190
2022/3/22,5203,948,983.22,1112.76,5915,5203
2022/3/23,5197,949,958.75,1112.16,5914,5197
2022/3/24,5220,953,974.33,1113.36,5925,5220
2022/3/25,5240,978,979.55,1110,5931,5240
2022/3/28,5284,1001,1004.73,1131.07,5963,5284
2022/3/29,5279,985,1012.62,1153.78,5966,5279
2022/3/30,5267,998,1004.66,1175.63,5968,5267
2022/3/31,5277,1002,1027.53,1178.65,5975,5277
2022/4/1,5297,1012,1021.42,1201.74,5979,5297
2022/4/2,5328,1022,1036.9,1200.97,5992,5328
2022/4/6,5345,1033,1043.98,1201.75,6011,5345
2022/4/7,5331,1017,1051.78,1226.12,6010,5331
2022/4/8,5315,1007,1032.4,1228.25,6009,5315
2022/4/11,5245,977,1008.34,1227.59,5990,5245
2022/4/12,5261,1008,1005.56,1199.16,5985,5261
2022/4/13,5259,998,1033.49,1196.73,5980,5259
2022/4/14,5268,1002,1005.44,1199.75,5978,5268
2022/4/15,5285,1014,1018.99,1198.71,5985,5285
2022/4/18,5276,1014,1031.11,1188.81,5987,5276
2022/4/19,5285,1006,1029.34,1184.84,5990,5285
2022/4/20,5292,1000,1011.78,1185.06,5989,5292
2022/4/21,5282,996,1012.61,1181.43,5987,5282
2022/4/22,5255,991,1014.06,1213.83,5979,5255
2022/4/24,5207,991,981.17,1207.64,5965,5207
2022/4/25,5157,930,949.75,1201.76,5933,5157
2022/4/26,5140,935,940.95,1152.76,5906,5140
2022/4/27,5162,944,962.33,1152.63,5909,5162
2022/4/28,5158,962,972.19,1158.07,5910,5158
2022/4/29,5160,979,980.48,1155.32,5910,5160
2022/5/5,5217,989,1000.36,1158.21,5929,5217
2022/5/6,5170,959,1002.84,1149.6,5923,5170
2022/5/7,5127,950,964.73,1171.09,5897,5127
2022/5/9,5067,927,945.79,1183.79,5870,5067
2022/5/10,5012,901,922.84,1146.9,5838,5012
2022/5/11,5048,933,949.28,1088.31,5842,5048
2022/5/12,5035,918,970.66,1112.5,5828,5035
2022/5/13,5021,940,937.35,1100.92,5822,5021
2022/5/16,5013,947,951.66,1113.38,5817,5013
2022/5/17,5013,941,958.34,1107.33,5809,5013
2022/5/18,4967,919,956.74,1101.82,5785,4967
2022/5/19,4924,909,929.45,1097.59,5753,4924
2022/5/20,4948,949,959.19,1088.85,5747,4948
2022/5/23,4940,972,1000.05,1096.55,5742,4940
2022/5/24,4878,955,980.52,1092.92,5713,4878
2022/5/25,4865,959,968.74,1078.04,5690,4865
2022/5/26,4835,939,942.8,1079.25,5677,4835
2022/5/27,4853,965,976.39,1072.59,5674,4853
2022/5/30,4873,977,995.68,1071.21,5675,4873
2022/5/31,4883,990,1008.5,1075.38,5679,4883
2022/6/1,4885,992,1000.12,1079.01,5673,4885
2022/6/2,4899,999,1004.51,1084.19,5671,4899
2022/6/6,4922,1004,1017.07,1089.64,5682,4922
2022/6/7,4911,1006,1016.14,1116.26,5673,4911
2022/6/8,4909,1002,1021.77,1111.66,5669,4909
2022/6/9,4910,1003,1018.67,1112.8,5665,4910
2022/6/10,4897,985,1007.03,1114.01,5649,4897
2022/6/13,4860,972,992.57,1108.22,5635,4860
2022/6/14,4815,963,986.25,1093.1,5603,4815
2022/6/15,4788,942,984.05,1091.89,5575,4788
2022/6/16,4763,936,966.66,1081.43,5555,4763
2022/6/17,4662,897,929.6,1074.53,5491,4662
2022/6/20,4395,815,866.93,1003.44,5301,4395
2022/6/21,4421,821,846.9,990.64,5280,4421
2022/6/22,4391,774,830.5,951.15,5226,4391
2022/6/23,4384,800,808.78,945.53,5194,4384
2022/6/24,4384,809,827.2,941.9,5181,4384
2022/6/27,4422,839,863.74,940.59,5191,4422
2022/6/28,4427,875,860.87,944.22,5192,4427
2022/6/29,4448,874,893.38,947.85,5199,4448
2022/6/30,4442,863,890.66,959.34,5200,4442
2022/7/1,4405,827,853.19,947.85,5175,4405
2022/7/4,4300,789,812.95,927.1,5116,4300
2022/7/5,4311,804,822.33,922.2,5090,4311
2022/7/6,4305,796,830.2,922.2,5083,4305
2022/7/7,4300,818,826.99,922.2,5071,4300
2022/7/8,4293,825,843.06,928.25,5063,4293
2022/7/11,4147,786,817.28,906.96,4975,4147
2022/7/12,4075,771,793.37,899.46,4933,4075
2022/7/13,4027,771,795.75,887.55,4875,4027
2022/7/14,3958,756,791.57,883.92,4827,3958
2022/7/15,3788,691,735.3,869.55,4690,3788
2022/7/18,3864,711,729.99,839.28,4703,3864
2022/7/19,3880,696,732.82,840.49,4711,3880
2022/7/20,3875,698,716.99,825.99,4700,3875
2022/7/21,3862,670,703.06,821.37,4688,3862
2022/7/22,3861,694,699.5,817.39,4675,3861
2022/7/25,3893,722,745.7,816.26,4684,3893
2022/7/26,3885,748,743.78,824.53,4685,3885
2022/7/27,3877,748,764.33,829.37,4672,3877
2022/7/28,3957,788,794.14,831.01,4694,3957
2022/7/29,3982,787,813.99,834.88,4728,3982
2022/8/1,4099,796,821.96,878.59,4797,4099
2022/8/2,4091,801,816.13,881.79,4797,4091
2022/8/3,4099,786,817.32,888.08,4810,4099
2022/8/4,4063,765,791.78,888.08,4801,4063
2022/8/5,4069,791,775.79,874.17,4797,4069
2022/8/8,4128,798,814.83,886.5,4839,4128
2022/8/9,4114,788,815.07,886.5,4844,4114
2022/8/10,4090,784,802.35,886.07,4831,4090
2022/8/11,4093,793,811.95,909.23,4814,4093
2022/8/12,4115,783,812.33,909.57,4820,4115
2022/8/15,4123,773,803.66,918.02,4825,4123
2022/8/16,4114,770,788.12,915,4818,4114
2022/8/17,4072,747,784.61,916.99,4810,4072
2022/8/18,4045,743,763.02,915.99,4786,4045
2022/8/19,4007,738,759.86,904.81,4772,4007
2022/8/22,4023,745,764.53,889.78,4771,4023
2022/8/23,4049,755,772.26,887.79,4781,4049
2022/8/24,4070,760,780.4,884.76,4784,4070
2022/8/25,4088,760,782.3,886.75,4789,4088
2022/8/26,4097,772,788.75,892.8,4785,4097
2022/8/29,4063,755,783.65,893.61,4775,4063
2022/8/30,4023,742,773.99,893.61,4750,4023
2022/8/31,4021,736,755.28,883.94,4739,4021
2022/9/1,4030,740,767.19,873.48,4743,4030
2022/9/2,3998,726,750.1,865.61,4721,3998
2022/9/5,4017,746,753.77,857.94,4725,4017
2022/9/6,4030,746,768.77,866.14,4736,4030
2022/9/7,4029,742,758.07,872.8,4738,4029
2022/9/8,4036,755,765.41,872.8,4740,4036
2022/9/9,4045,764,783.64,873.13,4746,4045
2022/9/13,4063,770,790.28,888.33,4769,4063
2022/9/14,4041,762,781.83,893.24,4765,4041
2022/9/15,4046,769,795.87,893.24,4763,4046
2022/9/16,4029,759,782.28,894.25,4758,4029
2022/9/19,4025,756,785.23,883.34,4755,4025
2022/9/20,4008,755,778.46,883.34,4749,4008
2022/9/21,3988,748,765.9,883.34,4735,3988
2022/9/22,4022,759,776.93,883.34,4743,4022
2022/9/23,4038,762,779.58,883.34,4757,4038
2022/9/26,4032,750,780.47,886.22,4757,4032
2022/9/27,4048,757,774.42,898.92,4776,4048
2022/9/28,4053,757,782.18,897.92,4787,4053
2022/9/29,4052,760,781.98,899.13,4795,4052
2022/9/30,4047,763,783.52,899.13,4796,4047
2022/10/8,4083,763,782.71,900.95,4823,4083
2022/10/9,4074,764,785.87,905.57,4835,4074
2022/10/10,4077,772,796.46,914.81,4839,4077
2022/10/11,4036,757,789.67,914.81,4825,4036
2022/10/12,4000,747,773.54,914.81,4805,4000
2022/10/13,3995,740,772.8,897.01,4805,3995
2022/10/14,3997,746,767.17,896.83,4802,3997
2022/10/17,3961,725,756.29,894.08,4781,3961
2022/10/18,3947,725,751.68,891.66,4767,3947
2022/10/19,3943,728,751.39,889.85,4764,3943
2022/10/20,3913,706,747.71,892.87,4749,3913
2022/10/21,3918,721,749.42,892.87,4749,3918
2022/10/24,3920,721,754.56,891.35,4746,3920
2022/10/25,3891,716,737.87,890.35,4735,3891
2022/10/26,3891,712,734.1,881.49,4727,3891
2022/10/27,3890,701,728.23,875.38,4727,3890
2022/10/28,3827,671,702.07,869.94,4690,3827
2022/10/31,3761,649,676.33,847.77,4646,3761
2022/11/1,3768,652,672.85,836.92,4645,3768
2022/11/2,3777,652,667.42,817.93,4649,3777
2022/11/3,3783,652,670.73,816.59,4651,3783
2022/11/4,3803,668,674.2,815.38,4655,3803
2022/11/7,3814,672,693.56,815.61,4660,3814
2022/11/8,3807,683,695.55,821.65,4660,3807
2022/11/9,3829,694,710.2,819.84,4664,3829
2022/11/10,3811,683,704.05,823.47,4664,3811
2022/11/11,3848,698,718.38,819.49,4682,3848
2022/11/14,3874,720,750.4,832.2,4699,3874
2022/11/15,3878,726,742.69,833.41,4707,3878
2022/11/16,3903,736,754.99,844.3,4715,3903
2022/11/17,3896,730,750.38,846.72,4713,3896
2022/11/18,3903,752,767.73,849.74,4716,3903
2022/11/21,3888,746,758.69,860.63,4708,3888
2022/11/22,3890,739,764.41,861.63,4707,3890
2022/11/23,3887,733,740.28,859.22,4703,3887
2022/11/24,3902,742,761.23,856.8,4704,3902
2022/11/25,3902,753,761.66,852.3,4696,3902
2022/11/28,3916,753,771.07,858.31,4710,3916
2022/11/29,3936,771,794.33,868.59,4719,3936
2022/11/30,3931,763,790.2,875.25,4716,3931
2022/12/1,3941,769,794.48,877.67,4719,3941
2022/12/2,3952,778,790.21,877.67,4719,3952
2022/12/5,4008,796,820.8,891.78,4760,4008
2022/12/6,4004,792,814.24,913.29,4760,4004
2022/12/7,4008,791,821.87,913.29,4760,4008
2022/12/8,4015,800,815.24,913.29,4764,4015
2022/12/9,4065,828,839.71,915.71,4785,4065
2022/12/12,4120,822,847.01,924.78,4842,4120
2022/12/13,4116,816,830.74,935.06,4835,4116
2022/12/14,4121,819,835.21,935.06,4835,4121
2022/12/15,4164,835,847.26,937.26,4863,4164
2022/12/16,4189,827,851.97,945.52,4886,4189
2022/12/19,4129,811,834.65,945.72,4863,4129
2022/12/20,4117,813,827.81,943.3,4855,4117
2022/12/21,4135,827,834.27,943.3,4860,4135
2022/12/22,4136,824,851.6,943.3,4862,4136
2022/12/23,4129,824,834.83,940.88,4862,4129
2022/12/26,4113,824,834.95,943.51,4852,4113
2022/12/27,4139,837,847.34,947.96,4855,4139
2022/12/28,4137,833,851.33,957.64,4853,4137
2022/12/29,4131,843,856.45,963.08,4851,4131
2022/12/30,4163,859,867.45,972.33,4856,4163
2023/1/3,4148,850,868.02,983.24,4853,4148
2023/1/4,4149,848,874.04,989.62,4861,4149
2023/1/5,4140,842,859.33,993.25,4857,4140
2023/1/6,4170,853,860.61,995.24,4870,4170
2023/1/9,4187,830,849.09,997.91,4876,4187
2023/1/10,4188,841,853.2,999.12,4883,4188
2023/1/11,4208,854,863.58,1000.33,4885,4208
2023/1/12,4209,857,871.52,1000.33,4888,4209
2023/1/13,4228,881,883.85,1000.33,4893,4228
2023/1/16,4218,844,863.04,992.57,4893,4218
2023/1/17,4218,845,861.09,992.57,4897,4218
2023/1/18,4221,851,868.18,992.57,4897,4221
2023/1/19,4223,862,878.82,992.57,4897,4223
2023/1/20,4223,862,887.13,994.99,4897,4223
2023/1/28,4260,880,887.13,996.02,4917,4260
2023/1/29,4286,890,905.56,1000.77,4960,4286
2023/1/30,4310,889,911.35,1004.64,4986,4310
2023/1/31,4283,889,908.44,1008.88,4980,4283
2023/2/1,4247,887,913.51,1010.09,4968,4247
2023/2/2,4226,872,898.53,1010.09,4960,4226
2023/2/3,4209,872,883.14,1005.29,4938,4209
2023/2/6,4211,874,885.46,1000.6,4935,4211
2023/2/7,4203,862,883.67,999.39,4928,4203
2023/2/8,4212,867,882.25,992.35,4925,4212
2023/2/9,4235,880,893.55,989.32,4931,4235
2023/2/10,4230,878,900.25,989.93,4929,4230
2023/2/13,4214,866,889.69,990.54,4916,4214
2023/2/14,4218,873,887.28,989.86,4915,4218
2023/2/15,4239,885,902.67,989.19,4919,4239
2023/2/16,4257,891,903.84,991.01,4925,4257
2023/2/17,4280,899,914.28,992.22,4942,4280
2023/2/20,4286,909,917.95,1002.35,4964,4286
2023/2/21,4319,923,940.97,1012.87,4997,4319
2023/2/22,4326,922,934.93,1014.47,5020,4326
2023/2/23,4340,921,938.74,1015.68,5027,4340
2023/2/24,4337,918,942.71,1019,5032,4337
2023/2/27,4336,907,932.06,1026.48,5036,4336
2023/2/28,4325,901,920.77,1024.06,5032,4325
2023/3/1,4339,919,922.47,1024.24,5033,4339
2023/3/2,4355,923,944.41,1027.26,5048,4355
2023/3/3,4394,931,946.73,1032.1,5069,4394
2023/3/6,4384,915,925.29,1038.04,5077,4384
2023/3/7,4400,923,934.83,1038.38,5079,4400
2023/3/8,4408,926,943.44,1041.41,5088,4408
2023/3/9,4420,925,946,1041.41,5090,4420
2023/3/10,4453,939,958.85,1047.18,5113,4453
2023/3/13,4483,941,954.1,1048.2,5144,4483
2023/3/14,4505,943,966.95,1057.06,5165,4505
2023/3/15,4506,943,962.48,1058.05,5172,4506
2023/3/16,4449,922,952.82,1060.04,5146,4449
2023/3/17,4453,929,944.28,1054.76,5148,4453
2023/3/20,4441,910,943.31,1053.33,5143,4441
2023/3/21,4423,909,930.16,1046.83,5131,4423
2023/3/22,4413,892,930.42,1035.38,5119,4413
2023/3/23,4397,881,916.58,1035.38,5114,4397
2023/3/24,4381,884,896,1027.4,5095,4381
2023/3/27,4382,890,915.56,1013.84,5097,4382
2023/3/28,4391,906,916.14,1018.42,5098,4391
2023/3/29,4406,914,930.53,1022.05,5104,4406
2023/3/30,4407,920,933.75,1025.67,5105,4407
2023/3/31,4423,928,942.31,1030.52,5115,4423
2023/4/3,4378,912,942.01,1033.4,5103,4378
2023/4/4,4333,898,923.3,1029.77,5078,4333
2023/4/6,4301,897,914.02,1023.05,5053,4301
2023/4/7,4316,901,912.8,1014.02,5055,4316
2023/4/10,4285,892,921.65,1002.23,5050,4285
2023/4/11,4260,900,912.84,996.18,5025,4260
2023/4/12,4268,901,919.74,1002.23,5028,4268
2023/4/13,4246,885,911.48,996.79,5006,4246
2023/4/14,4262,891,911.05,991.56,5007,4262
2023/4/17,4250,891,907.04,983.88,5000,4250
2023/4/18,4267,897,918.01,973.82,5004,4267
2023/4/19,4258,895,926.29,971.83,5000,4258
2023/4/20,4224,884,908.12,968.2,4994,4224
2023/4/21,4165,856,887.71,961.69,4966,4165
2023/4/23,4089,817,842.07,938.22,4916,4089
2023/4/24,4041,818,839.1,936.22,4875,4041
2023/4/25,4025,814,835.05,933.79,4862,4025
2023/4/26,4024,811,828.59,917.5,4852,4024
2023/4/27,4017,827,846.69,917.5,4848,4017
2023/4/28,4006,827,846.73,903.21,4846,4006
2023/5/4,3957,808,830.29,889.58,4835,3957
2023/5/5,3886,786,808.07,887.16,4785,3886
2023/5/6,3908,798,820.03,897.24,4785,3908
2023/5/8,3945,799,821.95,904.07,4795,3945
2023/5/9,3957,800,828.65,910.12,4810,3957
2023/5/10,3934,802,834.49,915.13,4808,3934
2023/5/11,3876,792,815.86,912.71,4783,3876
2023/5/12,3854,778,804.67,911.5,4766,3854
2023/5/15,3884,795,819.02,908.75,4773,3884
2023/5/16,3885,793,829.55,914.97,4770,3885
2023/5/17,3895,804,824.34,916.18,4771,3895
2023/5/18,3900,808,840.1,921.98,4774,3900
2023/5/19,3881,801,827.35,921.98,4761,3881
2023/5/22,3838,787,825.09,926.76,4742,3838
2023/5/23,3830,776,814.61,923.74,4733,3830
2023/5/24,3780,755,799.64,921.32,4707,3780
2023/5/25,3751,753,785.38,916.31,4681,3751
2023/5/26,3762,773,779.01,901.61,4665,3762
2023/5/29,3778,785,802.45,902.06,4678,3778
2023/5/30,3770,782,814.06,908.11,4677,3770
2023/5/31,3747,778,797.14,908.11,4666,3747
2023/6/1,3780,804,816.42,908.11,4668,3780
2023/6/2,3808,812,829.49,921.8,4677,3808
2023/6/5,3884,820,844.01,930.26,4717,3884
2023/6/6,3880,831,853.24,933.07,4729,3880
2023/6/7,3856,828,857.09,938.52,4732,3856
2023/6/8,3865,845,868.71,946.38,4741,3865
2023/6/9,3892,851,879.97,946.38,4745,3892
2023/6/12,3869,842,870.83,955.07,4744,3869
2023/6/13,3898,848,868.03,948.41,4746,3898
2023/6/14,3909,859,874.27,952.64,4758,3909
2023/6/15,3912,867,889.27,953.85,4760,3912
2023/6/16,3934,866,880.32,952.64,4771,3934
2023/6/19,3929,864,889.73,956.22,4779,3929
2023/6/20,3915,859,885.7,961.13,4777,3915
2023/6/21,3902,858,880.04,961.13,4775,3902
2023/6/25,3880,854,876.88,962.34,4772,3880
2023/6/26,3857,850,870.89,962.34,4761,3857
2023/6/27,3893,872,880.95,958.71,4763,3893
2023/6/28,3898,877,900.42,966.58,4769,3898
2023/6/29,3899,883,905.47,967.79,4774,3899
2023/6/30,3915,884,910.71,969.6,4780,3915
2023/7/3,3911,872,898.93,978.78,4779,3911
2023/7/4,3925,874,899.48,979.39,4795,3925
2023/7/5,3915,872,896.21,981.32,4796,3915
2023/7/6,3917,878,907.06,981.32,4794,3917
2023/7/7,3892,881,904.17,984.95,4790,3892
2023/7/10,3874,854,890.86,989.38,4780,3874
2023/7/11,3879,858,881.25,987.56,4779,3879
2023/7/12,3888,874,888.84,993.08,4782,3888
2023/7/13,3897,878,900.06,992.2,4786,3897
2023/7/14,3913,887,912.16,995.23,4786,3913
2023/7/17,3888,880,905.89,1003.24,4787,3888
2023/7/18,3900,887,906.33,1004.45,4787,3900
2023/7/19,3904,878,911.57,1004.45,4795,3904
2023/7/20,3921,890,913.36,1010.49,4805,3921
2023/7/21,3936,885,907.15,1017.39,4812,3936
2023/7/24,3960,892,910.73,1021.11,4843,3960
2023/7/25,4015,902,921.01,1029.58,4882,4015
2023/7/26,4036,910,927.94,1036.41,4905,4036
2023/7/27,4074,898,925.92,1037.08,4931,4074
2023/7/28,4087,876,912.02,1036.47,4938,4087
2023/7/31,4083,878,898.08,1036.09,4951,4083
2023/8/1,4083,880,901.6,1041.39,4955,4083
2023/8/2,4070,874,899.55,1043.59,4961,4070
2023/8/3,4038,864,884.06,1039.96,4948,4038
2023/8/4,4047,862,883.71,1037.76,4951,4047
2023/8/7,4029,849,871.19,1032.79,4945,4029
2023/8/8,4021,846,868.69,1024.15,4944,4021
2023/8/9,4015,842,860.72,1012.54,4935,4015
2023/8/10,3999,838,869.28,1009.88,4927,3999
2023/8/11,3993,840,866.98,1005.25,4922,3993
2023/8/14,3971,836,864.67,1002.75,4915,3971
2023/8/15,3971,841,857.24,1002.15,4913,3971
2023/8/16,3981,845,858.11,1003.75,4914,3981
2023/8/17,3970,864,861.16,1003.58,4910,3970
2023/8/18,3974,865,881.37,1005.99,4916,3974
2023/8/21,3948,875,884.12,1015.63,4912,3948
2023/8/22,3955,894,894.68,1014.42,4915,3955
2023/8/23,3983,907,924.02,1023.61,4932,3983
2023/8/24,3972,902,922.35,1029.69,4929,3972
2023/8/25,3971,902,908.68,1026.49,4927,3971
2023/8/28,3956,894,914.65,1028.81,4934,3956
2023/8/29,3942,892,910.62,1029.15,4933,3942
2023/8/30,3943,898,909.52,1028.54,4934,3943
2023/8/31,3973,919,929.18,1031.74,4941,3973
2023/9/1,3995,917,933.07,1033.55,4952,3995
2023/9/4,4009,918,940.36,1041.83,4975,4009
2023/9/5,4005,920,937.3,1043.71,4983,4005
2023/9/6,3998,923,940.4,1043.71,4981,3998
2023/9/7,3981,906,937.36,1043.71,4975,3981
2023/9/8,3954,902,927.2,1041.89,4966,3954
2023/9/11,3963,927,934.54,1042.64,4963,3963
2023/9/12,3976,935,944.29,1044.19,4971,3976
2023/9/13,3971,934,952.82,1047.82,4975,3971
2023/9/14,3966,941,952.65,1047.82,4975,3966
2023/9/15,3984,953,969.21,1058,4987,3984
2023/9/18,3978,947,961.5,1056.7,4991,3978
2023/9/19,4003,947,974.25,1059.46,5014,4003
2023/9/20,3993,956,972.55,1060.06,5014,3993
2023/9/21,3959,953,970.96,1065.63,5016,3959
2023/9/22,3955,949,968.65,1064.75,5006,3955
2023/9/25,3938,940,975.41,1064.68,5004,3938
2023/9/26,3914,941,960.55,1061.39,5000,3914
2023/9/27,3914,943,963.95,1061.39,4995,3914
2023/9/28,3925,944,972.72,1061.39,5002,3925
2023/10/7,3904,939,971.33,1069.25,5006,3904
2023/10/8,3892,939,968.96,1069.91,5005,3892
2023/10/9,3880,925,957.09,1072.12,5003,3880
2023/10/10,3854,916,944.05,1057.21,4989,3854
2023/10/11,3849,921,950.04,1051.9,4983,3849
2023/10/12,3845,923,949.83,1049.49,4975,3845
2023/10/13,3843,931,954.89,1052.68,4972,3843
2023/10/16,3846,938,956.96,1051.87,4974,3846
2023/10/17,3856,951,967.26,1055.16,4977,3856
2023/10/18,3845,942,976.06,1059.39,4975,3845
2023/10/19,3837,945,961.2,1062.41,4970,3837
2023/10/20,3826,924,962.69,1064.4,4967,3826
2023/10/23,3802,905,937.43,1048.47,4953,3802
2023/10/24,3813,915,933,1041.82,4953,3813
2023/10/25,3848,937,966.82,1047.7,4959,3848
2023/10/26,3845,934,962.45,1049.91,4956,3845
2023/10/27,3861,937,960.48,1050.78,4955,3861
2023/10/30,3882,960,979.65,1059.7,4955,3882
2023/10/31,3878,961,978.22,1060.31,4956,3878
2023/11/1,3887,972,991.76,1067.35,4958,3887
2023/11/2,3884,972,991.73,1067.95,4957,3884
2023/11/3,3909,973,993.56,1073.18,4962,3909
2023/11/6,3934,968,990.34,1077.24,4970,3934
2023/11/7,3927,972,990.38,1076.64,4970,3927
2023/11/8,3935,972,983.85,1076.7,4968,3935
2023/11/9,3955,973,992.71,1079.19,4978,3955
2023/11/10,3974,985,1001.84,1081.01,4985,3974
2023/11/13,3979,992,1013.18,1097.26,4984,3979
2023/11/14,3968,990,1007.27,1099.25,4984,3968
2023/11/15,4020,1000,1026.68,1108.71,4998,4020
2023/11/16,4025,988,1000.23,1109.92,5000,4025
2023/11/17,4023,987,1007.67,1109.05,5004,4023
2023/11/20,4026,999,1008.41,1110.96,5002,4026
2023/11/21,4045,1008,1026.88,1115.97,5007,4045
2023/11/22,4042,1010,1028.3,1116.58,5008,4042
2023/11/23,4033,1001,1026.02,1126.43,5008,4033
2023/11/24,4035,1005,1019.05,1129.09,5006,4035
2023/11/27,4039,1003,1018.99,1129.6,5008,4039
2023/11/28,4031,979,1012.92,1130.21,5009,4031
2023/11/29,4032,985,1006.43,1127.18,5007,4032
2023/11/30,4020,988,998.43,1127.18,5002,4020
2023/12/1,4032,993,1009.33,1127.18,5002,4032
2023/12/4,4023,983,1015.19,1134.77,5001,4023
2023/12/5,4014,986,1003.71,1134.77,5001,4014
2023/12/6,4028,996,1004.53,1138.35,5004,4028
2023/12/7,4069,1005,1019.29,1142.81,5015,4069
2023/12/8,4113,1015,1034.75,1145.83,5040,4113
2023/12/11,4102,1006,1025.67,1152.22,5039,4102
2023/12/12,4109,1016,1026.98,1157.45,5044,4109
2023/12/13,4085,1005,1029.86,1158.06,5042,4085
2023/12/14,4080,1006,1023.7,1158.06,5035,4080
2023/12/15,4073,997,1024.59,1158.66,5032,4073
2023/12/18,4056,989,1007.92,1159.31,5027,4056
2023/12/19,4058,992,1010.78,1158.1,5027,4058
2023/12/20,4068,1002,1012.6,1158.1,5029,4068
2023/12/21,4080,1018,1025.82,1161.12,5034,4080
2023/12/22,4104,1033,1047.6,1168.72,5038,4104
2023/12/25,4107,1026,1054.92,1184.34,5038,4107
2023/12/26,4112,1032,1054.57,1199.2,5035,4112
2023/12/27,4108,1037,1054.1,1199.2,5034,4108
2023/12/28,4106,1029,1058.7,1206.24,5029,4106
2023/12/29,4103,1035,1053.73,1208.05,5026,4103
2024/1/2,4113,1047,1062.84,1213.48,5028,4113
2024/1/3,4132,1071,1090.91,1221.95,5031,4132
2024/1/4,4130,1068,1093.22,1222.62,5031,4130
2024/1/5,4109,1057,1085.56,1227.37,5027,4109
2024/1/8,4095,1049,1072.95,1218.87,5022,4095
2024/1/9,4090,1051,1070.19,1207.99,5017,4090
2024/1/10,4073,1032,1054.57,1203.36,5009,4073
2024/1/11,4081,1039,1052.37,1172.73,5006,4081
2024/1/12,4086,1026,1048.69,1169.32,5006,4086
2024/1/15,4080,1013,1045.03,1159.29,5002,4080
2024/1/16,4077,1008,1027.43,1146.24,5004,4077
2024/1/17,4072,995,1033.19,1142.26,5005,4072
2024/1/18,4070,1013,1021.18,1136.81,4996,4070
2024/1/19,4073,1019,1029.53,1135.6,4994,4073
2024/1/22,4078,1019,1038.47,1149.02,4995,4078
2024/1/23,4084,1025,1042.99,1149.02,4995,4084
2024/1/24,4093,1031,1044.99,1151.27,4997,4093
2024/1/25,4113,1042,1063.5,1153.08,5009,4113
2024/1/26,4111,1035,1056.79,1154.29,5009,4111
2024/1/29,4114,1042,1065.2,1167.49,5009,4114
2024/1/30,4107,1029,1059.25,1173.54,5012,4107
2024/1/31,4093,1016,1036.47,1169.91,5008,4093
2024/2/1,4086,1013,1028.22,1153.84,5008,4086
2024/2/2,4076,992,1025.1,1152.03,5009,4076
2024/2/4,4076,992,1011.76,1146.89,5009,4076
2024/2/5,4077,998,1015.02,1144.47,5009,4077
2024/2/6,4077,985,1004.74,1144.51,5009,4077
2024/2/7,4077,985,1008.52,1145.71,5009,4077
2024/2/8,4077,1007,1024.8,1145.71,5009,4077
2024/2/9,4077,1007,1026.07,1145.71,5009,4077
2024/2/18,4108,1007,1026.07,1148.43,5016,4108
2024/2/19,4099,1003,1041.67,1149.76,5019,4099
2024/2/20,4067,979,1009.39,1145.52,5010,4067
2024/2/21,4060,939,970.43,1132.7,5001,4060
2024/2/22,4056,940,969.53,1117.79,5002,4056
2024/2/23,4056,938,972.91,1116.58,5002,4056
2024/2/26,4035,910,954.77,1115.74,4986,4035
2024/2/27,4049,919,931.78,1094.58,4985,4049
2024/2/28,4053,920,947.25,1094.58,4981,4053
2024/2/29,4045,918,935.69,1094.58,4979,4045
2024/3/1,4038,893,944.6,1093.13,4973,4038
2024/3/4,4018,911,923.14,1086.54,4960,4018
2024/3/5,4008,899,932.16,1073.06,4959,4008
2024/3/6,3981,897,911.82,1072.07,4943,3981
2024/3/7,3985,903,926.64,1051.86,4937,3985
2024/3/8,3962,886,911.54,1036.13,4925,3962
2024/3/11,3911,847,883.83,997.52,4879,3911
2024/3/12,3898,847,864.55,972.52,4861,3898
2024/3/13,3885,816,858.8,949.62,4849,3885
2024/3/14,3846,807,843.86,945.54,4815,3846
2024/3/15,3820,798,825.3,934.66,4788,3820
2024/3/18,3813,798,811.33,915.5,4774,3813
2024/3/19,3844,824,822.84,917.21,4775,3844
2024/3/20,3859,818,844.28,927.47,4781,3859
2024/3/21,3865,834,839.65,935,4785,3865
2024/3/22,3865,832,849.57,948.1,4792,3865
2024/3/25,3855,832,855.15,957.85,4779,3855
2024/3/26,3827,808,858.65,943.34,4765,3827
2024/3/27,3804,799,830.57,924.25,4739,3804
2024/3/28,3777,790,812.37,909.74,4717,3777
2024/3/29,3743,765,801.96,903.69,4690,3743
2024/4/1,3728,785,778.44,893.81,4669,3728
2024/4/2,3760,786,812.36,899.64,4675,3760
2024/4/3,3754,786,819.31,905.65,4667,3754
2024/4/7,3729,773,799.87,905.43,4657,3729
2024/4/8,3754,815,810.52,916.32,4653,3754
2024/4/9,3780,833,831.21,932.82,4659,3780
2024/4/10,3783,835,856.45,941.64,4658,3783
2024/4/11,3779,837,852.95,948.3,4656,3779
2024/4/12,3791,852,860.1,960.39,4651,3791
2024/4/15,3791,864,881.57,974.53,4650,3791
2024/4/16,3797,854,885.91,986.27,4650,3797
2024/4/17,3817,881,878.22,1000.57,4654,3817
2024/4/18,3845,893,916.36,1006.62,4665,3845
2024/4/19,3847,889,906.02,1006.62,4666,3847
2024/4/22,3836,883,908.08,1006.04,4665,3836
2024/4/23,3829,865,905.65,999.77,4661,3829
2024/4/24,3838,892,898.75,1009.45,4660,3838
2024/4/25,3843,885,917.11,1016.78,4661,3843
2024/4/26,3835,889,904.38,1016.34,4656,3835
2024/4/28,3830,877,904.59,1017.74,4648,3830
2024/4/29,3825,880,901.79,1014.51,4644,3825
2024/4/30,3823,880,903.68,1012.69,4640,3823
2024/5/6,3851,897,906.85,1017.89,4645,3851
2024/5/7,3855,894,922.71,1020.31,4656,3855
2024/5/8,3837,872,915.61,1016.68,4651,3837
2024/5/9,3829,874,907.34,1008.82,4648,3829
2024/5/10,3820,878,902.44,1010.38,4644,3820
2024/5/11,3818,872,900.84,1010.48,4642,3818
2024/5/13,3817,893,900.51,1015.92,4637,3817
2024/5/14,3805,872,909.51,1010.48,4629,3805
2024/5/15,3798,865,892.72,1010.46,4618,3798
2024/5/16,3823,887,903.46,1017.94,4622,3823
2024/5/17,3840,892,912.25,1023.38,4625,3840
2024/5/20,3852,894,923.92,1025.49,4630,3852
2024/5/21,3850,901,923.91,1027.65,4629,3850
2024/5/22,3874,909,931.96,1035.9,4635,3874
2024/5/23,3867,898,928.88,1031.67,4631,3867
2024/5/24,3867,898,917.57,1032.07,4628,3867
2024/5/27,3855,892,919.96,1031.63,4622,3855
2024/5/28,3858,878,921.76,1027.39,4622,3858
2024/5/29,3848,878,903.66,1024.59,4615,3848
2024/5/30,3854,870,913.37,1016.72,4615,3854
2024/5/31,3834,870,894.91,1016.72,4609,3834
2024/6/3,3813,851,887.54,1011.14,4595,3813
2024/6/4,3802,844,876.49,1000.46,4588,3802
2024/6/5,3798,832,866.52,997.87,4580,3798
2024/6/6,3802,840,863.7,994.46,4573,3802
2024/6/7,3808,842,871.64,994.89,4574,3808
2024/6/11,3783,812,861.7,983.97,4562,3783
2024/6/12,3783,817,840.49,980.94,4551,3783
2024/6/13,3782,821,835.66,979.94,4548,3782
2024/6/14,3791,832,850.7,986,4545,3791
2024/6/17,3777,817,848.8,977.23,4538,3777
2024/6/18,3779,825,853.31,980.12,4538,3779
2024/6/19,3777,829,856.8,980.12,4533,3777
2024/6/20,3775,833,854.88,980.66,4529,3775
2024/6/21,3764,815,851.61,979.66,4519,3764
2024/6/24,3735,802,828.94,969.45,4499,3735
2024/6/25,3726,807,823.18,969.45,4486,3726
2024/6/26,3730,829,827.42,977.31,4485,3730
2024/6/27,3732,823,848.39,980.88,4485,3732
2024/6/28,3727,828,840.36,980.88,4481,3727
2024/7/1,3732,840,848.49,987.05,4478,3732
2024/7/2,3738,842,862.24,990.07,4473,3738
2024/7/3,3749,858,864.18,999.14,4467,3749
2024/7/4,3760,858,880.85,1000.96,4470,3760
2024/7/5,3740,845,878.1,999.32,4462,3740
2024/7/8,3718,830,868.08,1002.79,4439,3718
2024/7/9,3704,834,854.62,1002.58,4429,3704
2024/7/10,3690,818,847.84,1002.58,4414,3690
2024/7/11,3693,830,844.1,1001.97,4405,3693
2024/7/12,3692,829,851.74,1007.41,4405,3692
2024/7/15,3708,834,852.73,1012.26,4407,3708
2024/7/16,3703,827,849.27,1012.87,4404,3703
2024/7/17,3689,812,850.01,1012.22,4396,3689
2024/7/18,3669,816,831.98,1011.19,4384,3669
2024/7/19,3663,810,831.4,1008.77,4375,3663
2024/7/22,3637,805,827.36,1008.29,4355,3637
2024/7/23,3609,781,823.54,1003.45,4341,3609
2024/7/24,3590,783,802.86,998.44,4322,3590
2024/7/25,3540,771,792.97,989.2,4295,3540
2024/7/26,3555,785,808.26,994.91,4289,3555
2024/7/29,3532,784,807.57,993.54,4271,3532
2024/7/30,3486,763,805.23,989.79,4245,3486
2024/7/31,3488,776,792.82,992.21,4235,3488
2024/8/1,3498,787,812.88,994.63,4236,3498
2024/8/2,3497,797,798.52,997.26,4225,3497
2024/8/5,3497,796,809.9,1000.96,4215,3497
2024/8/6,3478,787,818.36,997.94,4205,3478
2024/8/7,3465,777,804.52,989.41,4198,3465
2024/8/8,3435,760,793.93,982.32,4175,3435
2024/8/9,3424,769,787.14,985.34,4162,3424
2024/8/12,3360,761,788.76,979.72,4130,3360
2024/8/13,3325,758,795.93,977.3,4107,3325
2024/8/14,3244,739,771.23,957.77,4071,3244
2024/8/15,3205,711,751.6,939.77,4045,3205
2024/8/16,3184,706,741.35,930.91,4032,3184
2024/8/19,3156,713,727.59,934.05,4013,3156
2024/8/20,3163,713,739.7,935.47,4005,3163
2024/8/21,3219,736,748.42,938.58,4026,3219
2024/8/22,3215,731,760.62,934.95,4030,3215
2024/8/23,3187,726,752.37,932.53,4025,3187
2024/8/26,3238,752,761.94,944.12,4031,3238
2024/8/27,3260,757,775.77,947.09,4045,3260
2024/8/28,3262,753,785.78,946.26,4051,3262
2024/8/29,3250,758,781.9,949.29,4045,3250
2024/8/30,3247,757,782.29,945.42,4040,3247
2024/9/2,3220,,769.49,938.17,4027,3220
2024/9/3,3185,,743.86,929.56,4015,3185
